#{"t_start": 1768914618.9228895, "env_id": "LunarLander-v3"}
r,l,t,impact_vel
-185.25938,74,3.06682,0.16769484
-73.782366,88,3.134174,0.04603188
-182.858787,107,3.266459,0.39433146
-430.023002,87,3.403767,1.4601331
-218.439299,108,4.134199,0.15012883
-130.347371,92,4.247229,0.31804186
-506.603303,104,4.92648,0.099883646
-266.225569,101,5.045782,1.0285602
-169.662685,169,5.824194,0.47531992
-112.741542,122,6.545712,0.40885305
-255.97542,122,6.73127,0.035917185
-136.400816,103,7.452176,0.25632456
-47.99832,146,8.219147,0.24922356
-135.428165,167,8.497517,0.36547834
-196.692307,126,9.27466,0.11144082
-64.136536,156,10.010883,0.2989397
-204.161644,135,10.613698,0.16400841
-45.993726,160,10.853594,0.037723854
-490.358437,156,11.452694,1.0576621
-324.109835,292,12.612073,0.007816364
-276.457944,177,12.793591,0.44863102
-144.137129,153,13.394647,0.0050079296
-101.036428,149,13.991975,0.7150519
-297.203,157,14.596606,0.58350194
-258.804442,113,14.712167,0.10811938
-306.252245,131,15.288902,0.13726088
-315.732733,105,15.397803,0.16527377
-273.558136,200,16.054572,0.0024101462
-188.305635,235,17.202415,0.46690136
-11.613974,224,17.856294,1.3199644e-08
-138.88812,105,17.953772,0.056309953
-248.596906,252,19.067099,0.15726186
-73.92171,140,19.196509,0.62974536
-142.145115,136,19.761337,0.0023240943
-16.282494,185,20.371119,0.17942262
-332.992223,247,21.036744,0.14217176
-295.601002,261,21.722515,0.13322344
-241.090675,186,22.337388,0.039245863
-266.44637,166,22.946466,0.19971794
108.903041,502,24.793106,0.0
-148.27829,419,26.067884,0.1883254
-16.925151,250,26.742215,0.14216842
49.808126,253,27.420749,0.03152746
-96.299863,315,28.599369,0.3910512
-66.245027,407,29.864022,0.073940046
-220.048426,341,31.065869,0.009809162
-142.309309,546,32.454213,0.44558704
-270.670001,307,33.626116,0.20547128
-229.90184,359,34.849143,0.09837215
-86.945362,1000,37.973781,0.11478006
-278.274605,429,39.243977,0.034620713
-113.092855,836,41.760985,0.097925946
-23.021375,1000,44.864955,0.06209353
50.356563,1000,47.972273,3.6049107e-07
3.747674,1000,51.417043,0.0798175
-95.716338,747,56.2762,0.10855378
64.722024,1000,62.793795,0.04590036
-8.625175,1000,69.59026,0.0559581
-84.451251,640,73.775685,0.08946867
-31.905884,1000,80.120131,0.102705345
-13.659462,1000,86.752134,0.16946892
-59.932841,890,92.166594,0.016855668
24.672494,1000,98.843272,0.00032675147
-77.207416,1000,105.227315,0.048612256
0.378382,1000,111.33055,0.050512422
-102.153949,871,117.101603,0.06166084
-58.347138,1000,125.612032,0.1079379
-24.074976,1000,135.646874,0.002251255
8.314989,1000,142.502234,0.009387037
-31.8505,1000,149.157453,0.02376115
13.507342,1000,155.918265,0.0022310428
-12.729758,1000,161.961352,0.0067200987
-45.362477,1000,168.401665,0.002329352
-42.403043,1000,172.255015,0.036860365
-40.054193,1000,175.668078,0.024557823
-35.986476,1000,179.183883,0.024737727
-56.09364,1000,184.653055,0.02899513
-34.680133,1000,190.280696,0.013594488
95.593802,681,195.910635,0.35583135
96.827125,357,197.670233,0.16263683
200.967686,232,198.735053,0.7318663
128.526676,292,199.944967,0.5238814
131.676692,169,200.870629,0.39755198
663.68504,161,201.80757,0.16326068
474.423357,134,202.658948,0.06892729
78.18161,85,202.90742,0.58211917
228.068107,120,203.789794,0.14856623
511.087103,75,204.007763,0.2767009
745.621622,101,204.837825,0.23978469
765.292551,92,205.101614,0.39905515
362.276352,62,205.278816,0.5385307
598.83608,79,206.050521,0.08992835
459.539178,103,206.344737,0.0274404
484.511077,89,207.153821,0.059689395
480.968066,79,207.379457,0.10211832
518.021114,71,207.580995,0.0042211288
474.276691,96,208.396403,0.015150697
551.129433,79,208.621033,0.011376379
454.157781,81,209.393222,0.07970287
548.939163,71,209.596445,0.90710574
550.161239,75,209.808646,0.41926506
625.359228,116,210.680492,0.16944365
531.266443,66,210.86823,0.026041167
567.170325,74,211.638828,0.73288405
503.583286,88,211.887479,0.20602576
562.887969,79,212.655027,0.88229537
550.194554,66,212.85055,0.19405696
433.734773,60,213.022608,1.1449039
394.42456,67,213.213507,0.1107613
563.955702,156,214.217705,0.76881176
770.615069,80,215.000953,1.2637477
502.595841,106,215.300827,0.098159686
457.81349,65,216.029449,0.42998734
327.879894,203,217.165196,0.15995754
734.796276,80,217.393726,1.1893815e-08
674.63125,78,217.61592,0.008472236
534.177156,74,218.369806,0.008288155
544.702809,70,218.570777,0.004485487
488.470768,70,218.770005,0.004092358
570.732033,79,219.539629,0.16805321
464.17688,56,219.699493,0.5350054
802.293684,88,220.639211,0.1357439
390.692174,58,220.829421,0.7369691
663.209696,75,221.044836,0.19735925
443.995553,61,221.227172,0.50299543
866.063421,93,222.408059,0.032881904
805.178675,86,223.339014,0.00068664935
469.428756,72,224.202385,0.12789899
544.87778,64,224.417737,0.101818725
498.861542,67,224.70961,0.0038107806
588.299501,68,225.716712,0.04998023
541.741247,63,225.893301,0.51901084
674.611915,79,226.116136,0.4297676
481.728823,73,226.856282,0.18722051
536.101038,69,227.048994,0.47506338
699.26968,78,227.831924,5.9266404e-07
741.157088,81,228.061693,0.79551697
497.549045,68,228.254009,0.008966729
656.445546,85,229.067795,0.2604957
640.127576,74,229.275434,0.36961424
550.316489,69,229.480883,0.035738993
844.85081,88,230.438288,0.51322496
519.764092,62,230.613759,0.013232673
460.599448,57,230.773974,0.37077698
461.152022,82,231.743975,0.056751844
545.921853,66,231.929443,0.4258853
493.175567,64,232.652071,0.00018438099
947.227033,116,232.978397,0.01014645
464.805171,68,233.170382,0.04116674
596.68401,76,233.926819,0.40489236
559.755313,65,234.108977,0.4499179
561.047202,72,234.862128,0.0028040542
492.742937,73,235.066741,0.052641917
475.504863,57,235.227005,0.24918649
410.267671,57,235.386973,3.7838966e-08
562.49422,66,236.116498,0.20546004
744.208411,81,236.35019,1.1318413
628.25524,76,237.113612,0.0053475816
407.854347,82,237.346158,0.02036058
637.697312,72,237.547638,0.25265688
577.410552,70,238.326217,0.12715858
730.772312,79,238.548188,0.09226473
778.627043,82,238.779096,0.86933905
542.591761,68,239.518963,0.17317046
443.574202,75,239.73062,0.09055181
636.25843,75,240.483732,0.11622258
391.234308,57,240.644582,5.2798576e-08
367.211292,58,240.810046,0.26442584
548.966525,63,240.988405,0.07830485
451.013068,62,241.705135,0.12593442
551.34016,63,241.883479,0.34940317
520.562982,63,242.061889,0.92226875
866.379317,90,242.863183,0.5608692
523.483275,65,243.04884,0.007974687
509.706882,63,243.770087,0.026337206
519.182565,73,243.977924,0.027561342
509.303105,71,244.197336,0.03368429
1016.900042,97,245.01767,0.8075768
776.619705,85,245.290622,0.11476455
754.974889,81,246.064385,0.111396424
739.586907,78,246.283945,0.8829121
452.289507,56,246.444348,0.59853846
543.28357,67,247.179258,0.6526573
876.846057,90,247.434059,0.054131262
693.376076,80,247.660272,0.1895624
805.496786,86,248.566543,0.0094238585
521.858553,64,248.754364,0.0061108354
524.977507,65,248.937418,0.22103743
785.019478,87,249.72523,0.42440787
520.707535,82,249.956656,0.21042752
603.691935,68,250.693991,0.10964652
654.706806,72,250.89731,0.27173626
469.689257,62,251.075769,0.1071826
732.214916,79,251.860246,0.106565714
436.017592,74,252.068413,0.13024649
761.978887,81,252.297693,0.8270804
533.918724,72,253.048945,0.029128367
574.858273,67,253.239888,0.2016309
378.425772,58,253.403727,1.0325251
630.928949,105,254.268021,0.38477418
817.257984,86,254.51704,0.7025276
429.294965,63,255.242393,0.70887536
448.427971,59,255.409051,0.67352474
436.419164,61,255.588366,0.41001016
549.706572,63,256.309541,0.092942335
287.473242,91,256.565979,0.10025081
802.568213,87,257.354474,1.0119834
810.163075,85,257.59425,0.6859934
502.76826,68,257.786767,0.43974108
537.211459,67,258.66706,0.64355844
580.822004,67,258.856195,0.33326572
391.596621,52,259.005965,0.04508662
456.083046,64,259.727182,0.58641434
468.760794,66,259.913172,0.10211376
469.33311,64,260.093155,0.18519194
525.488191,72,260.836344,0.22787604
387.734046,52,260.985035,0.49544302
471.978351,66,261.170217,0.5721617
1007.218686,96,261.978381,0.5982665
500.577753,71,262.179065,0.063579634
857.709869,88,262.427223,0.23304628
840.450019,84,263.20934,1.0533843
742.003636,82,263.439431,0.897218
820.355939,84,264.22377,0.15941586
483.325978,61,264.394071,0.7570114
508.455195,63,264.571148,0.96106464
1050.123691,99,265.407536,0.5356656
477.46114,64,265.587658,0.03319754
493.020266,60,265.757571,0.09790076
835.962177,89,266.553442,0.14686908
552.982873,69,266.753733,0.01443757
488.776654,66,267.482908,0.5684688
975.521082,95,267.751178,0.13149783
564.483561,66,267.937366,0.38826925
512.075641,62,268.654346,0.00193847
843.950671,87,268.900239,0.75202316
505.057104,65,269.084672,0.052502897
594.323162,68,269.819103,0.49428374
398.798988,59,269.984852,0.6205037
424.966099,62,270.160338,0.109822266
504.005236,69,270.897816,0.08454115
426.948956,60,271.066502,0.70185274
450.348571,59,271.232033,0.03831702
494.388977,60,271.944629,0.52407634
514.208107,67,272.136729,0.13117352
525.30676,66,272.323107,0.28627318
985.870246,95,273.134075,0.0722822
906.76124,93,273.397252,0.06545219
492.742548,62,274.111728,0.08164108
787.370148,84,274.349112,0.43575582
558.465085,67,274.537917,0.17205141
406.459874,59,275.250429,1.2313087
522.048188,64,275.430758,0.87737745
812.606795,86,275.673086,0.0058567566
681.167929,79,276.439464,0.84470475
572.91266,67,276.634965,0.33853522
510.538876,71,276.835885,0.07278983
663.852433,76,277.597006,0.18798472
785.115064,90,277.850566,0.41972744
439.492752,56,278.558527,1.0878369
847.464081,89,278.809677,0.26230615
532.969208,69,279.004479,0.67028576
715.787455,79,279.769432,0.21866627
509.271795,68,279.960933,0.10902871
795.953255,84,280.197772,0.1858391
878.793889,91,280.997599,0.08254702
607.399788,70,281.1939,0.57024354
593.614984,69,281.930615,0.9562504
782.808788,82,282.164584,0.35468465
456.475816,58,282.329492,0.20522541
682.507616,81,283.106189,1.4288784
455.597172,75,283.318904,0.03317063
371.404432,96,284.137469,0.16402052
416.502022,59,284.32513,0.83768755
482.076175,62,284.500879,0.08343975
512.689906,62,284.67725,0.028831108
424.002588,62,285.398199,0.027265124
461.156492,63,285.576553,0.11191773
615.153766,69,285.771743,0.042865556
969.492669,93,286.583057,0.12505011
492.606361,71,286.785318,0.021647044
453.159647,58,287.495254,0.60149455
578.623671,66,287.681799,0.03965475
497.331783,67,287.872236,0.21189183
468.128274,63,288.644489,0.2758856
566.032306,66,288.83186,0.20435175
556.153393,69,289.027608,0.041462854
1186.224905,105,289.867646,0.2675133
1142.380847,104,290.16267,0.4531413
493.288472,76,290.924938,0.042513747
911.942384,93,291.187476,0.057709474
568.917799,66,291.37242,0.015437503
791.960985,86,292.163629,0.037359964
671.590958,73,292.371321,0.047836352
423.894638,62,293.092791,1.3466278e-07
1000.93235,96,293.364441,0.8064375
669.534779,74,293.573797,0.02448513
436.667817,55,294.276563,0.74721265
491.158895,60,294.463591,0.014836113
522.426026,67,294.652366,0.43070036
963.581286,93,295.472721,0.6016067
467.113875,71,295.674424,0.1257802
588.531364,68,295.867028,0.060268063
433.467261,55,296.626839,1.3772811e-08
456.760047,61,296.802859,0.1740614
700.767213,77,297.022942,0.22155951
627.989593,80,297.799529,0.6090144
459.243824,58,297.964175,1.1254928
893.053683,91,298.769889,0.0076224525
781.934725,84,299.008164,0.17751107
503.726486,65,299.192461,0.0009224005
528.724444,65,299.923535,0.12287821
575.760496,68,300.116763,0.102080554
428.319549,61,300.290772,6.5998215e-08
524.727967,68,301.038292,0.26237783
433.468785,56,301.196825,0.34481204
642.605904,74,301.407629,0.18505396
504.687922,71,302.15842,0.022429721
435.080024,62,302.333843,0.4160549
472.467558,57,302.495566,0.19160242
573.854914,68,303.235149,0.046138223
585.712334,71,303.43674,0.20627087
552.026941,64,303.618595,0.65281993
743.722037,80,304.391418,0.974372
462.507678,57,304.553784,0.43253648
874.290069,87,304.799899,0.5327944
673.536849,73,305.558255,0.058916703
607.494201,67,305.74913,0.0035628357
873.877695,90,306.553599,0.1052689
497.463468,62,306.729012,0.0058239456
450.526934,57,306.891715,0.008152152
546.571354,64,307.073165,0.0035287216
857.915423,89,307.886433,0.09945358
506.32452,72,308.089135,0.019463995
430.95109,60,308.845643,0.61900264
505.703619,68,309.040464,0.09118589
569.257595,70,309.240377,0.0011851919
510.507965,67,309.978064,0.49002853
480.660648,62,310.155177,0.035216246
651.077123,76,310.370486,0.015933665
555.362955,69,311.118074,0.06009372
668.172664,79,311.344443,0.48815632
437.718343,61,311.522119,0.47842604
595.206515,75,312.279243,0.17373987
789.101144,82,312.513697,0.43124336
919.867407,89,313.313225,0.5560033
668.024832,78,313.537302,0.2840516
483.534531,59,313.707228,0.09519741
674.693335,76,314.767906,0.44117483
513.213275,61,314.950154,0.004557515
753.627975,81,315.181118,0.029006843
496.067916,66,315.918028,0.48235384
561.856321,72,316.123451,0.09486088
566.476359,74,316.3317,0.16852516
622.3272,71,317.088421,0.06083042
763.35882,83,317.326005,0.70919925
415.637054,58,317.490644,3.6519015e-08
508.332125,61,318.221291,0.3003892
710.687221,77,318.458755,0.07329301
506.280736,59,318.626388,0.79436797
467.646268,61,319.348729,0.3057383
558.581035,65,319.531518,0.10955287
555.189862,65,319.713142,0.27418992
518.481447,76,320.476578,0.07917972
669.891238,74,320.686934,0.21623181
434.417033,59,320.856176,0.54538727
509.633242,70,321.602696,0.19757298
522.952958,78,321.825162,0.072748914
584.262903,77,322.59482,0.4001483
440.086564,72,322.800488,0.09580432
477.092206,65,322.986007,0.055006735
530.8291,64,323.705657,0.00844835
632.509139,70,323.90554,0.30794322
687.142203,76,324.121074,0.16937834
595.304919,67,325.055715,0.017358704
1014.998927,96,325.332909,0.9143665
761.093587,83,325.568505,0.7062663
480.035149,60,326.283203,0.20939443
778.448973,85,326.524843,0.12564297
605.23194,75,327.282072,0.46718672
480.4046,71,327.486433,0.13023402
522.610344,62,327.668186,1.016271
835.599646,91,328.591183,0.3235409
737.358764,79,328.814546,0.3004775
562.603663,65,329.021924,0.051089212
527.436533,61,329.73229,0.57648796
735.853742,80,329.959018,8.997758e-08
824.312971,82,330.727825,0.4933671
597.569665,69,330.927804,0.0
536.053872,64,331.109279,0.08373876
422.834769,61,331.819314,0.060968127
545.910069,69,332.01648,0.19528338
396.815906,81,332.245564,0.03899267
500.476869,65,332.973865,0.008920068
630.669754,69,333.171733,0.89016527
513.241482,62,333.348886,0.18073988
558.860952,69,334.084017,0.13629341
542.922887,70,334.283542,0.7680171
726.409121,80,334.533847,1.42937115e-05
604.109785,109,335.386121,0.21799134
843.67473,84,335.625041,0.011247406
397.772344,102,336.456652,0.037523407
416.506353,78,336.67908,0.050663512
778.494699,86,337.4652,0.18209912
479.787876,73,337.678907,0.111831956
779.998575,83,337.915675,0.08081741
767.278009,81,338.683457,0.5472875
676.812782,97,338.9608,0.16658597
475.853855,63,339.679384,0.030725947
924.091155,93,339.943037,0.10974227
524.947667,70,340.142514,0.018381117
583.95276,69,340.874935,2.7057973e-07
551.094668,68,341.077009,0.017338665
758.578299,78,341.833889,0.3081547
579.417962,65,342.02509,0.39154387
852.840666,85,342.268521,0.88146055
714.892143,79,343.06489,0.9246828
465.984888,64,343.177235,0.31240585
532.564433,62,343.242397,0.018873354
806.195719,87,343.823567,0.40256584
408.850576,55,343.903911,0.94790363
820.25519,86,344.002437,0.61685526
517.409764,67,344.588162,0.02042525
581.419975,74,344.715845,0.18129936
475.622563,57,344.808522,0.27007663
709.607137,81,345.395597,4.498879e-08
608.422481,69,345.462177,0.11656429
483.888711,57,345.516685,0.17713529
396.689579,59,346.029964,0.213486
442.639301,62,346.088917,0.080430135
499.754487,59,346.145876,0.44304788
559.690057,68,346.67601,0.061966162
497.077141,78,346.750209,0.0876034
375.943078,55,346.802169,0.7082894
490.968366,59,347.315055,0.2923585
471.614863,57,347.369228,0.34446958
440.987706,61,347.426619,0.6089512
446.726175,55,347.938927,0.74423724
610.071651,67,348.002227,0.54804546
481.118727,59,348.05822,1.0446819
425.261185,57,348.112562,0.040250313
661.138766,74,348.640023,0.0057183034
795.127968,86,348.721729,0.030982161
772.316536,87,349.26118,0.06518529
524.405021,61,349.319186,0.5170824
643.474934,76,349.390657,0.00074038527
687.533827,76,349.919358,0.0020561055
920.632518,90,350.004012,0.1619822
487.094756,70,350.527838,0.18733922
537.21358,70,350.594229,0.013377452
619.124102,73,350.663069,0.007957534
516.607822,71,351.189732,0.021520698
553.482103,66,351.252329,0.37468895
405.247465,59,351.308351,0.87153393
536.503614,75,351.849015,0.10631947
763.804223,82,351.926718,0.47108677
640.023421,73,351.995507,0.38980788
538.202059,64,352.514832,0.10915004
553.438739,71,352.582369,0.15366319
465.006671,72,352.650221,0.013889366
523.661237,67,353.172143,0.27445945
837.21013,82,353.249452,0.6620474
534.339969,61,353.306928,0.9539214
634.965616,78,353.839302,0.6079247
529.044872,62,353.901102,0.60710925
506.877858,70,354.433789,0.08261124
524.758502,68,354.498307,0.2014682
614.124594,110,354.602654,0.18802366
542.998802,64,355.121029,0.020895831
756.402523,80,355.196143,0.78181803
451.16491,55,355.248154,0.6923389
791.035305,82,355.78306,0.06055973
871.122481,91,355.868802,0.10168799
770.702301,80,356.402464,0.14237748
548.666555,63,356.462933,0.29753798
526.483837,62,356.522926,0.045784034
583.47022,68,357.050356,0.18249021
564.593119,66,357.112978,0.06566065
560.826103,68,357.177462,0.17589344
577.129193,70,357.702394,0.20323396
404.76553,84,357.781428,0.036713347
808.514339,85,357.86234,0.017347347
504.220749,69,358.387222,0.007750818
627.403242,77,358.46003,0.048727196
795.360054,82,358.995009,0.80457586
567.482329,65,359.056837,0.43773335
451.097257,62,359.115196,0.39866543
401.943958,59,359.628074,0.541956
555.972563,64,359.688391,0.31609827
409.994926,60,359.745383,0.16682564
381.709749,58,359.798781,0.98058265
578.472749,106,360.358012,0.00016392181
559.940695,71,360.425298,0.66158324
711.075083,80,360.958247,0.015791038
489.476647,59,361.0143,0.14933205
794.913409,84,361.093537,0.017997513
692.060839,77,361.625125,0.011649805
494.010053,59,361.6814,0.41672304
440.29962,77,362.21195,0.057072766
852.660273,89,362.295736,0.2471915
568.774619,64,362.3567,0.51140064
489.395221,58,362.868979,0.49676758
458.426011,62,362.92826,0.37147605
467.824296,58,362.983813,1.2992173
845.604737,86,363.522672,0.6186361
562.142179,66,363.585539,0.026995234
446.686516,63,363.644763,0.564994
372.524912,57,364.157193,0.76341
722.259331,84,364.236373,0.5956395
835.896538,84,364.315903,1.0765725
469.415154,63,364.833486,0.14043184
803.813784,86,364.914488,0.3207238
750.637011,83,365.46138,0.69441986
422.628793,56,365.514979,0.8675848
560.960522,65,365.576938,0.035537586
712.224703,107,366.134316,0.0052936375
407.447198,53,366.184555,0.6737285
795.909511,89,366.269577,0.18022314
465.169362,58,366.782151,0.46807814
631.575154,70,366.847192,0.8907352
610.810894,69,366.913051,0.10789475
436.446228,55,367.423629,0.7653048
788.889384,88,367.506651,0.56700236
473.958909,63,367.5664,0.10825586
458.549779,60,368.08213,0.6222194
486.228469,66,368.144547,0.6662268
541.467518,63,368.20445,1.0155799
887.042787,91,368.748445,8.6237684e-08
428.915216,60,368.805319,0.0065683196
702.494055,81,369.33841,1.8755523e-08
464.514224,57,369.393047,0.13406317
672.127574,76,369.464947,0.034237646
575.386529,65,369.984542,0.16912837
780.658405,83,370.063044,0.05770693
370.738553,58,370.118327,0.29523113
723.2806,77,370.650847,0.77826804
707.332689,80,370.726507,5.6838254e-12
514.6012,61,370.784594,0.5034534
548.656201,67,371.315142,0.5962631
555.901224,68,371.379635,0.027095193
669.408595,93,371.467017,0.19259837
774.341885,84,372.004758,0.1700675
448.003094,61,372.064843,0.5387621
391.770203,60,372.124007,0.913036
598.957096,67,372.651615,0.22293684
530.338262,61,372.71161,0.023561869
467.629772,64,372.776803,0.16584124
536.506052,70,373.311646,0.35893467
735.800332,81,373.387632,1.2951959
556.658454,72,373.915055,0.046422698
674.977731,79,373.990386,0.70952684
688.425392,76,374.062678,0.7549661
487.911597,59,374.577744,0.22291951
685.862854,80,374.654139,0.63024503
441.879922,56,374.712149,1.1590139
732.053499,79,375.252591,0.13609527
470.731158,74,375.329437,0.040810224
773.378465,82,375.414275,8.684147e-10
526.064689,67,375.94223,0.28883308
475.865439,63,376.00435,0.18801747
657.516264,74,376.073566,0.032660786
501.746951,60,376.584517,0.8709486
484.212414,64,376.644789,0.0735309
772.584737,84,377.178212,0.29347402
444.242184,60,377.235473,0.64899236
614.775973,78,377.309357,0.52248067
541.59949,64,377.826932,0.03716771
550.483193,62,377.886813,0.019539874
573.415975,65,377.948193,0.37564048
350.510867,92,378.491292,0.16754219
566.814765,66,378.553941,0.1858594
518.026241,62,378.612532,0.46396333
-63.935308,61,379.345907,0.07076087
-549.980134,65,379.412134,0.33233923
-566.562057,68,379.480463,0.021383207
-540.973003,69,380.035714,0.7146028
-126.811407,75,380.108365,0.967007
-96.108352,83,380.203649,0.9329072
-213.751425,80,380.734994,0.8628817
-237.70296,84,380.81427,0.025111694
-150.656032,70,381.334887,0.089181215
-66.378695,85,381.415799,0.6290468
-63.02217,84,381.494466,0.2318905
-115.211595,83,382.032362,0.44545045
-97.44062,109,382.134213,0.13056585
-88.583798,84,382.674465,0.54364324
-40.007418,78,382.752397,0.3506967
-115.931706,78,383.344928,0.19518802
-76.812785,69,383.413584,0.56092256
-73.731454,81,383.496785,0.58266395
-98.376761,83,384.040968,0.08444405
-93.802206,72,384.115534,0.05183375
-111.174363,100,384.67971,0.27327853
-81.704735,79,384.761035,0.4149061
-48.002174,87,384.852544,0.5220074
-18.860758,80,385.391652,0.02717036
-9.389925,112,385.501782,0.5101187
-28.665231,105,386.063881,0.56617606
-69.906097,63,386.125122,0.8052861
-15.38077,105,386.693754,0.44208163
-26.961108,93,386.789669,0.51049626
-74.53541,85,387.343987,0.18251577
-92.225435,100,387.446545,0.3177752
-86.10627,93,388.237425,0.6096414
-70.948097,88,388.527565,0.66108894
15.671601,135,389.520966,0.43048528
-42.587604,108,389.908149,0.5233829
22.050741,108,390.894163,1.5894573e-08
5.927168,138,391.389223,0.40322152
2.634775,134,392.403429,0.3901823
-6.77585,127,393.500834,0.44381753
9.328413,124,393.914293,0.024494445
-20.77864,116,394.899368,0.043327127
5.898303,125,395.848683,0.12798344
-16.549536,156,396.369365,0.36571127
-50.388438,149,397.54139,0.5195901
4.976596,139,398.730199,0.0042575346
13.430388,152,399.886584,0.15971145
5.215781,152,400.437449,5.3898552e-09
-21.22858,129,401.420798,0.04544131
10.814971,157,402.555812,0.221941
-29.851244,123,403.028945,0.0019637018
-51.00604,118,403.961981,0.39075735
-24.857134,154,405.000144,0.069555536
-56.46088,122,405.384614,0.4442425
-48.82243,112,406.412158,0.4069083
26.612343,163,407.721414,0.11947305
-11.236411,153,409.023839,0.04926967
-39.55316,106,409.377792,0.034114417
40.116283,167,410.521982,0.0531429
-3.052469,158,411.628668,0.050079152
28.224175,143,412.066782,0.154439
-53.817308,133,413.075382,0.026117988
-31.940488,162,414.277153,0.041598316
-63.280245,161,415.322611,0.048249584
-114.250058,166,415.941179,0.22080956
-21.266209,191,417.376338,0.059557922
-9.578721,183,418.731434,0.10042877
-39.267998,172,420.02424,0.090315714
-122.316385,216,421.465274,0.10901487
-52.856919,217,423.04989,0.026557319
-43.95428,310,425.256125,0.10557452
-106.479026,214,426.550627,0.038231827
11.139704,326,429.394203,0.067007154
-162.822011,302,431.610683,0.13757238
-52.376885,165,433.311648,0.03501447
-63.907175,199,435.116431,0.027321484
-107.009824,138,436.79095,0.18503825
26.529822,169,437.57443,0.007975508
-65.926577,199,438.713227,0.28182063
-69.716119,307,440.917427,0.06966362
-108.417763,200,442.562084,0.11205004
170.04478,548,446.267931,0.0
-40.408717,1000,452.301193,0.047332507
-128.090271,714,456.592379,0.11646269
-518.345986,98,457.496981,1.2906886
-523.212466,90,457.817116,1.3109815
-16.10129,115,458.737869,0.092975155
107.021867,959,464.715833,0.0
-68.83115,165,465.204783,0.009994831
-51.489304,1000,471.286218,0.06633863
-81.017467,696,476.178309,0.029223857
-95.87558,220,477.536124,0.102333054
-31.430558,147,478.514505,0.043591626
-176.599736,862,483.295583,0.13484706
-87.51841,275,484.517111,0.001465698
-78.17343,585,487.962212,0.24762934
-64.057624,119,489.023969,0.17606808
79.569336,891,493.960263,0.0
-20.44369,1000,497.183031,0.03880074
187.406507,797,499.729621,0.0
-81.631493,442,501.474627,0.07122423
-29.209346,292,502.194913,0.01261496
-50.58965,333,503.38563,0.06613385
-51.871262,1000,506.565301,0.11622286
-158.348978,1000,509.747572,0.31763777
229.769659,597,511.652045,0.0
-90.671333,297,512.394842,0.14984639
-72.841277,263,513.533817,0.03890722
168.495221,826,516.117322,0.0
129.185218,710,518.145727,0.0
-66.696121,297,519.315237,0.03029036
145.420024,517,520.706288,0.0
116.26934,593,522.60719,0.0
130.623695,537,524.466543,0.0
21.605728,1000,527.662802,0.005255031
-29.317488,539,529.529557,0.028877938
-27.830843,1000,532.720703,0.0002215261
-8.977895,1000,535.873556,0.02574567
-49.757966,1000,538.97175,0.057436116
-57.902829,1000,542.140796,0.015015415
96.675336,881,544.739683,0.0
25.808342,1000,547.830058,0.017885838
-46.81787,1000,552.118347,0.014453197
66.951403,1000,558.117572,0.0033433267
-21.09269,1000,565.278312,0.0049286014
-18.80198,1000,571.915296,0.02545772
-4.862165,1000,578.498612,0.006899632
6.35192,1000,585.053632,0.023579825
-0.337333,1000,591.533608,0.02432087
9.468837,1000,597.86258,0.0080607785
9.097362,1000,604.302795,0.045387253
61.743425,1000,610.582605,0.009450896
23.644889,1000,616.93751,0.026982877
38.807412,1000,623.464144,0.041995663
39.490376,1000,629.743381,0.00785956
53.68629,1000,636.154336,0.009327594
10.238417,1000,642.538082,0.029415404
20.314461,1000,648.728384,0.026738495
50.96197,1000,653.20223,0.008231257
43.251451,1000,656.391476,0.0007186882
31.648122,1000,659.579828,0.043110155
44.078044,1000,662.727146,0.027913414
33.867966,1000,665.858405,0.043289747
38.301549,1000,669.04654,0.022890473
16.659444,1000,672.246141,0.028533509
517.005093,439,673.566547,0.07315938
322.540604,585,675.467516,0.08720388
387.492936,298,676.64557,1.9799472e-08
685.316769,107,676.755126,0.7028128
527.431256,87,677.279609,0.2799595
839.49415,202,677.92522,0.0284498
472.230648,166,678.094436,0.058335904
536.358997,115,678.650079,0.21344781
482.245235,104,679.194615,0.05784783
422.624974,84,679.281296,0.108983636
618.658291,87,679.371324,0.072542354
666.988934,101,679.914163,0.12710242
582.798232,90,680.007194,0.16627447
472.666204,94,680.541408,0.012096061
534.916316,96,680.640216,0.0095146345
520.968481,90,681.172128,0.41335276
442.860518,131,681.306936,0.040054675
608.516686,92,681.838183,0.0049770507
469.708757,93,681.934461,0.1066964
490.833424,86,682.460791,0.04257706
457.321127,86,682.549403,0.7071902
445.100413,73,683.064491,0.14317122
503.48767,82,683.149583,0.04691669
638.994314,86,683.238379,0.065147094
702.463718,94,683.772372,0.8494729
559.21864,93,683.868584,0.20859163
494.496917,121,684.431995,0.24392791
573.734205,108,684.979475,0.037621334
467.549635,75,685.058089,0.083836876
485.806926,80,685.140378,0.18832944
576.598719,107,685.688243,0.1181361
449.903943,105,685.79696,0.14581071
693.652392,94,686.331746,0.07502911
524.224425,83,686.417317,0.63753563
592.024056,94,686.953017,0.19903901
530.663469,75,687.030857,0.03651645
669.467642,98,687.569934,0.087715216
725.959026,86,687.658919,0.6787697
530.715298,81,687.743042,0.010590492
705.545108,80,688.26405,0.09331178
469.919846,74,688.341141,0.15485883
536.438418,78,688.859438,0.066911146
675.577025,78,688.940219,0.9334683
658.720861,97,689.041122,0.18859075
714.512377,89,689.570797,0.7572028
649.201034,86,689.660351,0.11295453
662.842692,89,690.190507,1.2099785e-09
678.142032,80,690.273531,0.050801743
686.75321,79,690.793181,0.13365377
505.259353,84,690.879362,0.018338684
696.473456,88,690.970726,0.8049022
649.722367,78,691.488454,0.0001698245
506.342275,81,691.572943,0.49450234
689.131156,82,692.096896,2.6399281e-08
810.771153,85,692.185031,0.120845124
795.196316,93,692.281634,0.49198872
734.473944,83,692.807363,0.5512668
570.546273,86,692.897077,0.6256898
520.239333,74,693.410173,0.0027446838
759.553367,86,693.498981,0.6128543
730.822653,83,694.019631,0.33033296
475.856925,80,694.102917,0.038193062
884.859056,89,694.194036,0.011447953
474.786464,80,694.723921,0.08956881
484.82379,80,694.806995,0.25195035
437.062964,66,695.314143,0.16792744
800.194448,86,695.403286,0.2553943
490.860163,68,695.474015,0.0033961448
503.266428,69,695.983052,0.5982204
999.998259,93,696.07933,0.26837665
790.420762,84,696.60362,0.22557466
780.538523,90,696.696876,1.0479544
535.026662,71,696.77066,0.3264269
724.527996,87,697.297141,0.7022539
842.244416,93,697.393284,0.3721151
755.798235,83,697.916268,0.6209273
533.202316,72,697.990541,0.7213749
668.168445,79,698.072691,0.05066125
625.776666,91,698.604998,0.09975789
679.373895,81,698.689293,6.357829e-08
695.589147,82,699.212527,1.0779672e-08
662.005044,79,699.294556,0.28941357
678.611166,76,699.373743,0.8661122
469.381669,68,699.881627,0.70937616
708.382399,80,699.964246,0.7840528
474.0218,89,700.492981,0.37682912
807.787116,88,700.585176,0.61772615
570.039666,78,700.665494,0.7654874
549.338552,75,701.181379,0.6554592
703.7,82,701.266178,2.1559421e-08
944.972405,90,701.797868,0.014884227
837.856071,86,701.887327,0.17124532
859.917517,90,702.418873,0.43444636
733.604437,82,702.504013,0.7372668
524.660203,72,702.578743,0.04484994
445.261815,76,703.095901,0.04618981
439.968465,90,703.189196,0.17623328
970.167105,96,703.72902,0.1458757
448.694232,80,703.812161,0.06241252
960.387489,92,704.346682,0.097301885
520.798483,80,704.429802,0.0029943814
984.458686,91,704.523787,0.38343424
632.448639,74,705.036181,0.03213481
867.323189,91,705.130177,0.28415662
601.584333,77,705.646755,0.006079754
894.678892,91,705.741114,0.65274066
897.943028,92,706.274647,0.043268897
452.067131,77,706.354868,0.020735364
456.779136,75,706.432709,0.034822144
454.468901,78,706.950608,0.0013435467
826.402514,86,707.039747,0.6889848
710.84709,79,707.121932,0.7237816
719.39248,80,707.64166,0.73801595
635.819602,109,707.755248,0.25721163
711.173926,81,708.277765,2.6675272e-05
500.584564,80,708.605551,0.47923625
692.941757,77,709.40783,0.62928385
819.959064,91,709.673851,0.14799604
416.84358,79,709.940233,0.018364575
438.69894,99,710.961499,0.04588429
626.2988,91,711.251245,0.16563031
715.243465,105,712.13921,0.043720555
730.571048,82,712.389836,0.0040152795
546.913,81,713.405669,0.23521759
695.374907,95,713.682607,0.2679205
664.667636,89,714.545232,0.43304414
489.427961,82,714.846647,0.07814325
717.492547,85,715.814224,0.64218193
719.350687,83,716.095144,0.7122422
749.462221,83,716.355303,0.6484163
997.813007,93,717.43067,0.727676
813.247622,85,717.80158,0.0046975375
966.602584,100,718.757401,0.61983174
900.643383,96,719.106617,0.2950993
906.943632,92,720.037966,0.050162505
840.239698,87,720.295869,0.5317428
1018.423776,95,721.256275,0.2758565
840.991895,90,721.70557,0.0908885
715.380944,81,722.070673,0.66783696
983.239406,97,723.036112,0.009743859
521.499932,83,723.36271,0.32388753
682.616181,81,724.185571,0.22922654
835.894432,92,724.447915,0.09770462
535.905188,72,725.281359,0.058748797
570.845048,94,725.577562,0.00010163068
745.490572,88,725.84821,0.48030373
991.626002,97,726.780937,0.057953797
959.782047,93,727.04712,0.012089595
977.422021,96,727.973664,0.0010753936
956.742281,99,728.345624,0.070678495
954.578527,95,729.370892,0.09198426
985.419454,96,729.6635,0.1850683
699.616763,115,730.592823,0.19927807
902.497026,91,730.867064,0.27375618
782.290546,86,731.758012,0.4544367
814.612399,88,732.122629,0.0594311
739.773234,88,733.80409,0.2887816
648.581494,81,734.166667,0.014051002
1000.327967,98,735.519638,0.062370583
593.058012,76,735.821078,0.22098432
649.419701,108,737.054706,0.43835694
842.405411,92,737.518699,0.0033877364
682.80989,80,738.184581,2.9748284e-05
947.248878,95,739.500437,0.107849754
384.592319,88,740.002436,0.21764961
757.907032,84,741.138054,0.8674363
937.614972,98,741.525533,0.0050999545
488.549754,77,742.41236,0.13994537
750.682973,84,742.774013,5.2798573e-08
535.762895,82,743.035928,0.15515865
835.761017,91,744.071095,0.37552765
587.551759,72,744.288881,0.72581226
-87.200629,84,745.829911,1.2247612
-695.985333,86,746.320053,0.011131489
-621.628366,77,746.741474,0.11887326
-84.040348,114,748.281796,0.1795749
-132.638579,115,749.445545,0.13316438
-143.241813,199,750.520367,0.39245895
51.297522,141,750.986624,1.5894573e-08
-118.568931,197,752.291435,0.15462486
-48.402523,179,753.601806,0.09302913
-161.98702,215,754.982573,0.023968058
-112.672844,180,756.312021,0.11779518
-149.033525,221,757.870259,0.024093948
-186.366718,179,759.077308,0.016131677
-151.335258,246,760.513485,0.07724595
-176.606579,188,762.00671,0.027725244
-188.988936,191,763.334548,0.021226443
-201.970289,174,764.538572,0.031262796
-192.359781,161,765.763389,0.0019283089
-192.638054,147,766.997308,0.059580706
-204.464064,190,768.113878,0.021439381
-148.524461,146,768.716626,0.007535679
-164.297397,241,770.830068,0.070800535
-357.004268,332,772.641385,0.27846342
-140.874687,133,773.804053,0.012040766
-226.501962,192,775.169354,0.11727434
-209.974642,346,777.716634,0.05917472
-113.019803,125,778.201355,0.011210715
-149.436803,180,779.371503,0.09947852
-119.276782,131,780.407042,0.04040515
-136.514368,211,781.824742,0.10165222
-165.27112,288,783.654531,0.041562006
-172.113575,236,785.121362,0.057804566
-210.005747,243,787.161692,0.02115612
-101.86058,146,787.631399,0.05680899
-125.09559,178,788.88198,0.13920856
-123.200435,137,789.896309,0.12712608
-161.232704,262,791.288065,0.016647523
-178.411579,235,792.794584,0.09582041
-219.21014,212,794.993503,0.23037156
-173.36943,303,796.718824,0.035906024
-136.457359,187,797.880994,0.07491849
-128.704304,431,800.440868,0.03839823
-107.011581,170,801.470575,0.07295361
-18.657163,1000,806.69701,0.012487128
-51.262223,1000,812.01728,0.0013350488
-5.479859,1000,815.285512,0.00879718
-68.732069,1000,818.550013,0.034253225
-64.161681,1000,821.812713,0.032602306
9.05311,1000,825.055461,0.013009371
-27.048951,1000,828.321198,0.0063213087
-49.186361,1000,831.620031,0.033774957
-18.675536,1000,834.811778,0.03785204
-20.378659,1000,838.037525,0.05294862
-19.514611,1000,841.266246,0.036845136
-23.139465,1000,844.464229,0.022562407
-7.143067,1000,847.644573,0.0471496
-43.868778,1000,850.804067,0.06988553
32.637173,1000,854.046736,0.045502808
-28.150909,1000,857.442781,0.050182242
-30.091934,676,859.596347,0.02453598
-44.768468,1000,863.124487,0.00042657426
-48.631956,464,864.905101,0.06397251
-212.848235,392,866.202661,0.08582435
-160.087746,296,867.145671,0.13640857
-43.791758,390,868.877949,0.34058386
-147.233563,299,870.551982,0.075358085
-94.021004,172,870.852324,0.063831404
-33.897218,1000,875.158905,0.020223511
-126.629091,288,876.789112,0.029134892
-11.849226,1000,881.182496,0.0322185
-29.523754,1000,885.699668,0.061749473
-38.800127,1000,890.034433,0.014287953
-19.480427,1000,894.402057,0.01956389
2.71183,1000,898.697952,0.006291532
-134.061227,181,899.552515,0.09613849
-15.110165,1000,903.940976,0.002850777
-6.778086,1000,908.305285,0.008642616
-31.640622,1000,912.637893,0.005731187
-20.171696,1000,916.987697,0.0012691692
-59.392689,1000,921.522168,0.008618028
170.655732,261,922.44079,0.08712162
148.532123,209,923.359002,0.12921827
161.442054,342,925.034481,0.07504796
166.086765,227,925.91103,0.050652843
183.344929,259,926.962924,0.06722777
171.321473,182,927.832153,0.11202237
156.784951,230,928.841015,0.013036083
162.830361,265,930.402133,0.05967824
43.869926,258,931.431575,0.4614095
186.053016,267,932.482315,0.15067692
176.680562,199,933.356123,0.059196167
172.180286,325,935.06626,0.104963675
159.636829,423,936.893523,0.092668615
185.588605,298,937.978716,0.112293564
153.994616,414,940.353312,0.095510006
206.040279,259,941.413971,0.10704291
191.980134,262,942.525064,0.074863434
159.288742,196,943.431704,0.05080595
178.224006,279,945.040506,0.062142935
15.161412,1000,950.022115,0.032406177
197.446724,324,950.974706,0.045431253
153.071077,302,952.286716,0.07964032
161.750206,260,953.022924,0.105893865
122.868495,175,953.659921,0.07889726
33.333646,1000,956.966468,0.033249103
211.223819,316,957.743217,0.09693559
157.566159,150,958.353322,0.11113493
168.458393,278,959.552729,0.048455495
198.903881,327,960.342279,0.099596746
195.025305,347,961.596979,0.07490702
52.912116,252,962.308914,0.12555172
169.002078,497,964.188277,0.18262371
-59.877601,1000,967.534441,0.004511616
-1.980379,1000,970.745875,0.014866303
-3.805399,1000,973.95062,0.0052263616
33.384268,1000,977.159316,0.0113392975
-53.508084,1000,980.394373,0.013971607
51.056388,1000,983.623656,0.011127269
30.094147,1000,986.837115,0.040427197
33.838604,1000,990.133344,0.021132315
26.479167,1000,993.442632,0.023265699
39.266711,1000,996.752724,0.01072615
-36.40679,1000,1000.059404,0.035780646
-55.726346,1000,1003.36646,0.013620761
-1.598682,1000,1006.677595,0.03336961
8.125574,1000,1010.115872,0.0320495
27.738694,1000,1014.831003,0.005123324
10.428671,1000,1018.030721,0.008931932
-12.903276,1000,1021.232296,0.005419555
-42.773771,1000,1024.438777,0.016958544
-35.759201,1000,1027.713426,0.026367191
-7.596898,1000,1031.017531,0.0052924496
13.812518,1000,1034.270693,0.03385025
-4.426543,1000,1037.493463,0.04184425
11.820828,1000,1040.709364,0.020589763
27.351014,1000,1043.930218,0.033060595
33.467309,513,1045.316563,0.07693822
62.858256,1000,1048.666019,0.038244423
-0.273175,1000,1051.876793,0.0034921125
-16.137741,1000,1055.337789,0.02606601
-8.418335,1000,1058.530861,0.0010742957
-32.751254,1000,1061.777914,0.014499157
14.376456,1000,1064.972044,0.0015885588
-34.279635,1000,1068.164548,0.03387623
17.280801,1000,1071.355942,0.027328921
-178.749412,573,1073.258016,0.06548302
-29.012542,1000,1076.557421,0.040084224
-51.609787,1000,1079.781124,0.0073282258
-53.121025,1000,1082.987493,0.005295715
0.374214,1000,1086.191933,0.038029633
-145.743871,433,1087.526667,0.11799302
-21.153641,1000,1090.732985,0.049042676
-44.28677,1000,1093.944528,0.0021473998
-208.232471,605,1095.871155,0.008789452
-79.910337,229,1096.539757,0.07579687
-24.697673,1000,1099.740671,0.040850323
10.608681,1000,1102.904392,0.028261907
-41.693899,1000,1106.206177,0.034144443
15.007442,1000,1109.500253,0.058986284
-204.694424,627,1111.972705,0.07633703
-62.835681,1000,1115.276539,0.019567652
-50.611949,1000,1118.535134,0.052483495
27.004618,1000,1121.753901,0.03338751
-130.496155,481,1123.160788,0.03592005
-240.477703,770,1125.775229,0.03507716
-60.71825,1000,1129.030021,0.054615892
-74.523047,1000,1132.232508,0.06889593
-84.192488,1000,1135.46602,0.027411273
-83.012566,1000,1138.790944,0.051451836
-40.544787,1000,1142.067428,0.04198255
131.371519,708,1144.17334,0.0
-32.007453,1000,1147.33071,0.013265419
-193.948224,634,1149.736433,0.053179316
-77.786441,1000,1152.936744,0.0074739596
-33.499299,1000,1156.192631,0.0065865843
-44.73028,1000,1159.444735,0.010080782
-25.894891,1000,1162.651992,0.013732699
-2.448871,1000,1165.849249,0.0037026086
-13.74867,1000,1169.061859,0.020899732
130.182781,1000,1172.555814,0.027360948
2.487651,1000,1175.953018,0.039335735
-55.199548,1000,1179.312729,0.027010744
32.564594,1000,1182.512127,0.047872525
78.584186,1000,1185.714411,0.047240853
-53.17207,1000,1188.925894,0.034877595
32.365949,1000,1192.119596,0.054762408
73.075726,1000,1195.317857,0.051091183
59.515464,1000,1198.519011,0.044075422
73.258841,1000,1201.720298,0.023087183
11.499502,1000,1204.919405,0.029546171
54.090414,1000,1208.11659,0.06282873
71.509173,1000,1211.32087,0.026540926
15.474507,1000,1214.521519,0.029401546
95.537947,1000,1217.719018,0.043117616
40.87331,1000,1220.911477,0.029349806
-30.037532,1000,1224.107538,0.041776713
25.780364,1000,1227.306016,0.03278629
47.472082,1000,1230.513383,0.026319398
-38.35674,1000,1233.737505,0.01723042
69.813392,1000,1236.968605,0.042290878
36.237737,1000,1240.177317,0.033228736
18.246106,1000,1243.373133,0.03193777
-55.1849,1000,1246.572182,0.029739182
66.420709,1000,1249.770472,0.051082928
-35.868556,1000,1252.968585,0.047075484
49.868706,1000,1256.169604,0.051359296
6.427658,1000,1259.36584,0.02357111
49.499382,1000,1262.587,0.02080366
100.382728,1000,1265.801691,0.056574237
4.982598,1000,1268.991792,0.039647985
55.793299,1000,1272.208387,0.036982223
75.892088,1000,1275.415934,0.05223805
77.373724,1000,1278.6176,0.06058756
52.112889,1000,1281.87945,0.03717598
92.157887,1000,1285.78,0.06006616
68.84778,1000,1289.936136,0.0664965
36.223242,1000,1294.203958,0.039925795
26.550125,1000,1297.55179,0.012765486
-47.263764,1000,1300.937129,0.008271019
-60.863674,1000,1304.216743,0.02138583
-32.123517,1000,1307.500175,0.017589327
1.609952,1000,1310.724702,0.010907089
-74.296307,1000,1313.90149,0.05481793
-50.2634,1000,1317.092654,0.054678362
-31.356302,1000,1320.291929,0.008808995
-38.601084,1000,1323.493282,0.015993152
-11.500028,1000,1326.678568,0.0061432263
-48.912643,1000,1329.865174,0.034570795
-33.703835,1000,1333.049367,0.004073616
-57.47724,1000,1336.235838,0.06770503
-26.544626,1000,1339.434719,0.054042198
-32.249183,1000,1342.632654,0.028654885
-30.061392,1000,1345.913667,0.04218779
-53.783934,1000,1349.159313,0.046736285
-10.119817,1000,1352.341095,0.030271856
-71.561079,1000,1355.52295,0.034658737
-12.924194,1000,1358.706991,0.05300078
-66.619889,1000,1361.900252,0.030859118
-94.01271,1000,1365.089441,0.0007583717
-62.542936,1000,1368.28723,0.028501516
-36.852281,1000,1371.477896,0.0107881585
-91.20226,1000,1374.66541,0.13039663
-102.890547,1000,1377.849217,0.04595233
-35.921556,1000,1381.038523,0.07665494
-4.43583,1000,1384.221451,0.013067608
-69.592091,1000,1387.403198,0.0040921825
-104.72378,1000,1390.587645,0.04864656
-84.716288,1000,1393.783509,0.03577826
-56.254017,1000,1396.997487,0.008891415
-17.104228,1000,1400.184556,0.006843699
-40.182891,1000,1403.368719,0.01459097
-51.431874,1000,1406.558459,0.039273817
-14.339277,1000,1409.745358,0.028710766
-61.010951,1000,1412.932604,0.01908069
143.168003,1000,1416.428773,0.020695815
33.692428,1000,1419.742209,0.03294585
48.328566,1000,1423.085295,0.014595309
49.593125,1000,1426.375365,0.0073884744
44.716846,1000,1429.754207,0.036717452
46.751396,1000,1433.058092,0.006075417
27.074857,1000,1436.356091,0.018038994
39.577585,1000,1439.594063,0.013468569
69.429172,1000,1442.796339,0.016477661
49.355312,1000,1445.998087,0.029708548
14.388471,1000,1449.202285,0.0026584475
87.224363,557,1450.626856,0.008000317
342.620806,715,1453.1141,0.057857573
332.130642,649,1455.07882,0.028745707
253.021734,617,1457.014242,0.049019694
315.024046,573,1458.910394,0.039212298
56.880252,323,1460.127053,4.795871e-08
133.943873,293,1460.853318,0.025890796
63.035891,172,1461.468377,0.20961475
28.299135,176,1462.088963,0.7096755
43.173886,142,1462.679674,0.6548979
32.457461,68,1462.744117,0.7494434
7.667293,167,1463.357774,6.599823e-08
56.461347,96,1463.447307,0.5129028
42.723058,143,1464.039103,0.0001381821
9.9001,159,1464.646047,0.5697389
89.392411,65,1464.706861,0.8799008
82.707568,125,1465.280155,0.6628584
39.424308,66,1465.342381,0.00638559
53.687097,93,1465.88603,8.3999485e-06
45.120399,91,1465.971173,0.57182217
308.292585,79,1466.043735,0.09937217
215.182922,82,1466.579844,0.01386292
89.584178,67,1466.642457,0.57724416
85.261125,74,1466.711037,0.6513397
451.784375,62,1467.226955,0.07844048
45.943821,95,1467.315633,0.5928904
40.032383,66,1467.834968,0.009114736
0.008541,72,1467.902765,3.2999101e-09
352.954431,54,1467.953443,0.046253804
33.189124,97,1468.501825,0.03309682
117.36162,70,1468.567694,0.5597829
22.2838,104,1469.123959,4.2179276e-05
173.670282,95,1469.212463,0.53609926
626.759644,71,1469.279493,0.3613917
162.27769,84,1469.817544,0.41283277
573.635392,72,1469.885374,3.4192777e-08
36.256066,66,1470.407093,0.67352444
657.281649,78,1470.481157,0.12846652
52.510587,86,1470.561241,0.64487475
127.341577,122,1471.136114,0.047335077
466.522546,66,1471.198406,0.06321341
184.450726,71,1471.723226,0.031833727
45.217026,86,1471.806706,5.636821e-10
572.026892,67,1471.875841,0.28944486
15.832691,69,1472.404711,0.5965864
572.44565,66,1472.472362,0.5312444
46.295107,73,1472.547727,0.60238814
627.946078,74,1473.082538,0.30673674
500.02947,61,1473.145541,0.024050944
551.641143,65,1473.213148,0.2622282
437.64216,78,1473.751282,0.03319837
28.135111,65,1473.817611,0.6846624
37.475599,75,1474.352682,0.5013674
472.654413,66,1474.421328,1.1235174
35.608931,64,1474.487427,0.08974603
68.570119,78,1475.026417,0.5806355
17.655933,77,1475.106067,0.45511076
38.271171,102,1475.211103,0.2840592
179.238785,78,1475.751775,0.15375397
60.143857,76,1475.829871,0.5632661
282.765343,95,1476.386891,0.046709638
515.20397,63,1476.452503,0.2718232
157.930991,91,1476.546511,0.013712479
550.120007,65,1477.071913,0.57114017
180.686231,71,1477.145404,0.28808066
327.085431,70,1477.676697,0.09070727
131.743684,64,1477.743592,0.1048293
223.25524,77,1477.823433,0.15915093
326.706067,80,1478.358727,0.026321387
550.493291,65,1478.420001,0.5729933
116.25875,82,1478.495987,0.23285836
71.341957,64,1479.0109,0.25867605
401.311253,60,1479.067488,0.6871
166.206953,76,1479.141422,0.09773711
71.925105,65,1479.667441,0.259654
50.483136,99,1479.768793,0.45871922
231.620654,92,1480.320935,0.08185388
490.688854,65,1480.388278,0.6160152
23.456892,104,1480.49585,0.26843616
472.098171,59,1481.012994,0.1586658
1.771182,69,1481.084158,0.00014471382
182.104703,90,1481.634439,0.19989301
140.370736,78,1481.71533,0.6839641
169.812526,63,1481.780592,0.07231302
51.22729,73,1482.314555,0.54254895
97.54775,68,1482.384329,0.15660979
94.796203,68,1482.455014,0.60596937
309.276108,85,1483.001296,0.46900278
527.031126,74,1483.077847,0.06128971
302.992575,80,1483.618001,0.22956905
345.962924,64,1483.684001,0.28477147
480.600339,60,1483.746106,0.27743033
176.749121,75,1484.282603,0.10724905
243.393805,76,1484.361545,0.0897235
239.005137,91,1484.455628,0.04422921
235.561957,74,1484.988551,0.15729772
533.684577,62,1485.053428,0.5636658
491.328656,74,1485.130046,0.018232414
73.432225,68,1485.657193,0.19085532
85.736058,95,1485.755101,0.13674323
17.880804,64,1486.279559,0.42059475
168.163541,72,1486.354011,0.25342196
131.212624,69,1486.425763,0.17056371
245.521539,95,1486.981836,0.32702023
193.130536,93,1487.078226,0.109694846
154.85724,69,1487.606106,0.034818612
210.327642,75,1487.683683,0.07685663
289.544667,89,1487.771918,0.014603224
247.76941,72,1488.298817,0.022182157
233.069488,75,1488.36928,0.07815861
271.853078,80,1488.444343,0.024247628
360.581827,55,1488.954907,0.028126385
60.901137,67,1489.020302,0.2226457
321.027029,54,1489.072855,0.061022624
70.312888,68,1489.590893,0.066827126
586.66819,67,1489.653777,0.011120945
170.482542,72,1489.720435,0.42186227
433.777591,56,1490.227927,0.66747457
471.058673,68,1490.291968,0.13184062
600.027473,73,1490.360496,0.22842465
283.236259,75,1490.88502,0.27539745
251.164334,72,1490.952488,0.2434632
448.407959,67,1491.015975,0.8389187
24.576243,92,1491.571192,0.24780975
231.971931,78,1491.652248,0.0825678
347.13191,72,1492.184283,0.4705804
313.558228,87,1492.274723,0.024417963
319.937654,60,1492.336702,0.07208116
15.907786,89,1492.887511,0.056016047
120.8076,74,1492.963552,0.20684645
134.457349,71,1493.494409,0.14496222
304.506103,80,1493.577186,0.027771765
622.596123,78,1493.657899,0.3256972
433.480654,62,1494.179046,1.188676e-08
420.753253,74,1494.255875,0.06735752
126.441705,68,1494.325888,0.5997374
336.358096,91,1494.877685,0.051026143
191.681344,71,1494.951155,0.046470426
295.203177,70,1495.480572,0.030304886
205.561248,75,1495.558006,0.14438218
536.87666,77,1495.634662,0.18716665
403.320365,59,1496.147639,1.103017
188.44147,72,1496.216109,0.049314424
468.469108,64,1496.276587,0.10083437
271.861393,88,1496.826293,0.10425944
313.81566,58,1496.886014,0.062082883
497.259026,76,1496.964723,0.048559174
502.607684,77,1497.504093,0.05909942
56.993426,83,1497.590229,0.39784005
344.428032,53,1497.644821,0.54534966
278.272864,64,1498.168468,0.03302252
195.699458,105,1498.276296,0.19486016
231.703194,92,1498.829637,0.014373954
268.896457,75,1498.907184,0.013366475
369.042905,63,1498.969769,0.65229857
150.344924,68,1499.492819,0.0027844275
529.763393,78,1499.56966,0.03330066
409.184993,57,1499.629393,0.9406683
371.261494,64,1500.158101,0.69259197
178.24034,76,1500.229901,0.15736462
454.823498,75,1500.764849,0.00431642
40.234077,73,1500.834528,0.37486106
73.439895,69,1500.89941,0.38021213
301.252629,82,1501.434454,0.17527947
227.790398,82,1501.511177,0.12001474
490.919571,63,1501.571486,0.090731174
166.256595,77,1502.105997,0.07366185
436.060953,63,1502.16438,0.68083316
190.495826,76,1502.235475,0.07590328
207.086412,73,1502.76427,0.014935261
206.974035,71,1502.831352,0.108057626
250.027224,82,1503.364897,0.15885574
231.585344,73,1503.433461,0.1528388
360.873058,63,1503.49252,0.04017873
245.999434,79,1504.031263,0.12672159
129.618434,75,1504.102133,0.16940789
278.02071,81,1504.17798,0.4156981
586.58473,69,1504.702282,0.9431414
409.019835,62,1504.760122,0.09035931
473.175361,67,1504.823246,0.031177843
188.985341,78,1505.354782,0.14356162
194.723826,79,1505.429998,0.15037432
562.63118,67,1505.950357,0.23338228
642.065571,74,1506.019784,0.085487835
365.803551,60,1506.075749,0.70645434
121.601378,62,1506.592339,0.49150053
588.328975,74,1506.662779,0.89726335
276.290547,82,1506.739445,0.06386249
355.904838,76,1507.269935,0.021598214
485.801653,70,1507.336038,0.28288874
241.187474,92,1507.881488,0.107430704
632.899888,74,1507.951977,0.54318035
331.387209,74,1508.021046,0.14987549
599.097963,71,1508.546285,0.068375066
432.438135,57,1508.599981,0.054072674
224.681635,77,1508.671936,0.70530295
472.259158,63,1509.189871,0.47867483
527.686555,64,1509.250262,0.14460787
260.229662,68,1509.313997,0.10349916
253.463181,76,1509.842415,0.026950719
548.781565,66,1509.904708,0.07446362
192.673177,77,1509.977048,0.14033237
298.039489,66,1510.498153,0.1880465
81.38936,63,1510.557173,0.20504375
550.149948,65,1510.618506,0.07381269
263.351058,74,1511.144941,0.11794438
114.700584,68,1511.20936,0.09286561
454.51878,64,1511.26924,0.005923007
234.49481,80,1511.801664,0.104428045
279.22528,78,1511.874894,0.25584814
44.979091,73,1511.943793,0.34118223
350.583418,51,1512.450482,0.31476972
495.472803,78,1512.523259,0.09118516
485.932548,61,1512.580628,0.41152972
239.936951,80,1513.114922,0.05886011
204.268646,76,1513.186464,0.10318999
197.748623,73,1513.714064,0.52869403
261.81892,80,1513.789316,0.024925401
414.937667,64,1513.848675,0.011023407
274.900717,81,1514.383945,0.25158554
224.931188,66,1514.446511,0.049493127
291.194402,88,1514.532438,0.085370556
517.035459,67,1515.062852,1.1205195
209.841003,88,1515.14498,0.20645963
35.958917,101,1515.697054,0.29773617
459.689526,77,1515.7693,1.0779729e-08
325.943743,89,1516.311821,0.05799962
347.868967,89,1516.395345,0.03163228
206.383671,78,1516.46942,0.0208794
473.602131,74,1516.99716,0.4887252
215.663193,75,1517.068805,0.08176795
342.811869,66,1517.590015,0.01145303
199.328838,85,1517.671183,0.11628255
450.269612,62,1517.728844,0.8655002
264.832109,73,1518.254564,0.30947813
158.845419,72,1518.322789,0.14603695
258.959546,79,1518.397248,0.11722528
347.692524,57,1518.907913,0.044512987
213.197352,78,1518.980963,0.09124898
206.531294,74,1519.052778,0.11747129
230.611226,76,1519.588887,0.124938756
245.950675,69,1519.659976,0.04985986
334.213378,74,1519.73704,0.47222385
225.280879,72,1520.269414,0.38794437
259.215656,77,1520.348438,0.004838689
205.927611,79,1520.888399,0.12589264
264.983739,87,1520.978615,6.262283e-06
161.47065,79,1521.060347,0.32954034
594.750823,68,1521.588489,0.69799596
206.831869,79,1521.669976,0.1385115
248.744124,69,1522.198133,0.16375485
551.579999,67,1522.267643,0.24301188
311.110392,61,1522.330472,0.0060862065
267.413116,74,1522.865473,0.0975035
267.223228,82,1522.950236,0.13274032
517.419224,72,1523.024759,0.019373234
236.612337,79,1523.56458,0.11212651
234.625265,80,1523.645911,0.09154205
234.2598,76,1524.171624,0.1074165
190.158573,67,1524.234842,0.08162146
598.866186,70,1524.300217,0.09403312
443.771698,75,1524.825155,1.803951e-08
402.313602,69,1524.890133,0.24390802
191.476108,71,1524.956448,0.06414328
378.712154,78,1525.483664,0.28762823
270.641406,90,1525.567253,0.013130742
275.70765,74,1525.63634,0.09466846
579.076127,67,1526.154377,0.56334615
536.761858,75,1526.227697,0.0675515
248.586019,74,1526.763448,0.08082794
109.739549,67,1526.833215,0.620817
359.059957,62,1526.897835,0.0105847
304.998365,91,1527.447771,0.008287023
525.022214,67,1527.517205,0.0069473484
372.466671,73,1527.592552,0.016403003
282.131581,88,1528.141757,0.04615951
226.620847,76,1528.219627,0.14761947
287.019823,80,1528.753959,0.10187675
279.984144,77,1528.826679,0.21397617
343.172069,61,1528.884238,0.02656075
249.959751,71,1529.408865,0.11701484
348.982299,52,1529.457459,0.043293875
314.901576,60,1529.513544,0.008189137
647.177705,74,1530.04013,0.6175731
441.836947,77,1530.112141,1.667555e-07
512.231204,71,1530.17884,0.022959776
467.672012,82,1530.715461,0.48752716
507.041434,62,1530.776695,0.03595761
234.116987,81,1530.86122,0.22378021
370.967677,59,1531.380547,0.11640024
460.024047,65,1531.448391,0.81208026
271.731696,77,1531.526087,0.0668833
223.855414,77,1532.059111,0.52741635
628.225404,78,1532.139733,0.48469064
249.796841,71,1532.671883,0.21581008
294.926878,78,1532.752805,0.09973981
252.102881,79,1532.834364,0.26984605
269.742953,75,1533.369848,0.22028211
241.201978,79,1533.452216,0.0942272
544.861991,78,1533.532055,0.3815164
220.27378,79,1534.069067,0.09162163
240.316988,78,1534.14249,0.16837291
517.827883,66,1534.663202,0.036443952
558.011374,66,1534.725411,0.098770015
220.30049,73,1534.794219,0.14415108
375.167746,73,1535.322111,0.0045067575
308.282172,75,1535.392602,0.022087155
273.594176,82,1535.470459,0.08563689
436.585231,59,1535.985346,0.027777638
591.749637,66,1536.047456,0.49231753
264.323656,80,1536.122512,0.020237666
236.752117,76,1536.655395,0.13183638
207.479474,82,1536.74051,0.11385818
461.560642,60,1537.261559,0.7114995
264.05809,87,1537.351877,0.10724253
233.080473,77,1537.43278,0.13078147
-281.879262,79,1538.172966,0.118784346
-314.522257,83,1538.250719,0.1914253
-254.431259,78,1538.784485,0.07397055
-41.50228,1000,1542.274881,0.0057445336
-60.846286,125,1542.390929,0.12215469
-91.294323,148,1542.980397,0.27421537
252.846407,738,1545.582173,0.0
-117.308117,181,1546.224573,0.3506589
-163.286328,334,1547.019878,0.13609692
-189.20427,201,1547.680657,0.39852694
-98.710956,212,1548.353878,0.08286946
-189.686464,186,1548.99969,0.3068462
-201.106113,146,1549.606693,0.10304459
-127.410147,150,1550.215056,0.22569045
240.114667,531,1551.671263,0.0
-169.680826,198,1552.3296,0.7168997
276.524437,395,1553.645478,0.0
-270.481369,298,1554.864617,0.47180465
-211.352213,193,1555.516911,0.2173562
165.41918,302,1556.280477,0.0
-201.617773,201,1556.940844,0.494021
-194.139482,270,1558.130519,0.2261741
201.530846,301,1558.89435,0.0
-122.294143,186,1559.541609,0.19959544
233.545502,315,1560.776148,0.0
-78.126445,294,1561.530202,0.03530622
-48.399771,129,1562.118785,0.16057079
143.999763,653,1564.157285,0.0
226.376392,728,1566.727568,0.0
-66.818002,382,1568.028426,0.16449444
29.541409,253,1568.741784,0.0013782365
-167.684254,965,1571.994869,0.029603599
251.493797,218,1572.65171,0.0
-32.019598,239,1573.32412,0.123247854
-52.540217,262,1574.019059,0.22071107
-46.69533,242,1574.693197,0.051408656
243.434258,514,1576.57759,0.0
-106.059813,376,1577.876951,0.041710682
-86.581226,235,1578.572656,0.14023669
-144.976177,473,1579.968302,0.3191706
189.777128,395,1581.285093,0.0
-98.485658,313,1582.516417,0.15989265
163.736384,513,1584.409701,0.0
212.734373,404,1585.736706,0.0
195.976409,354,1586.549618,0.0
-81.004542,364,1587.833634,0.08341503
-76.477191,328,1589.082543,0.06659088
125.889767,1000,1592.381299,3.9615763e-08
205.441595,610,1594.371238,0.0
183.096802,415,1595.706933,0.0
-18.088748,343,1596.970009,0.10764258
235.19536,425,1598.316603,0.0
183.853888,994,1601.582783,0.0
166.505059,457,1602.962393,0.0
226.174106,520,1604.861152,0.0
-152.26284,566,1606.335479,0.017538015
-189.938465,991,1609.626083,0.17055024
197.710885,556,1611.551012,0.0
-52.035853,514,1613.438617,0.0778353
92.450361,938,1616.194102,0.0
-4.355009,1000,1619.476339,0.00473131
-46.454413,1000,1622.671349,0.020913625
-28.674363,1000,1625.93553,0.00042319705
-48.754034,1000,1629.16238,0.0029645578
30.593516,1000,1632.387385,0.0005306805
-12.043838,118,1632.965729,0.27615136
-108.257376,1000,1636.254779,0.021484159
-58.549967,1000,1639.524424,0.0136426175
-62.74445,1000,1642.786772,0.014061547
-54.797282,1000,1646.022066,0.0109467665
-57.300098,1000,1649.302449,0.004003866
187.245092,646,1651.317923,0.0
-70.278102,1000,1654.627247,0.023444105
202.926123,586,1656.587524,0.0
18.69743,1000,1659.758056,4.447328e-06
101.788361,1000,1663.152556,0.009491612
-24.646296,1000,1666.529449,0.019649003
-227.545284,620,1668.54611,0.0
-95.584201,1000,1671.765535,8.4749274e-10
12.151188,1000,1674.970328,0.0053521795
-16.146032,1000,1678.172322,0.03972652
21.262517,1000,1681.375628,0.014977576
70.572592,1000,1684.577513,0.005771299
42.777382,1000,1687.781183,0.0011372494
0.329073,1000,1690.985716,0.042782165
15.240689,1000,1694.190396,0.027666952
-22.434798,1000,1697.394646,0.0037624568
9.27258,1000,1700.595492,0.00076996983
3.702976,1000,1703.824065,0.0454163
27.281041,1000,1707.053091,0.033430025
-2.23263,1000,1710.352895,0.011376337
-22.47605,1000,1713.654253,0.021895954
-3.875928,1000,1716.888296,0.015220766
32.025906,1000,1720.106735,0.00075001694
-180.508367,894,1723.289873,0.0
70.464722,637,1725.30495,0.025209732
138.003232,378,1726.598945,0.01260051
278.286731,302,1727.361411,0.40692106
-38.466683,1000,1730.618387,0.0077606086
126.476859,277,1731.815843,0.0034878526
231.649039,257,1732.533896,0.23880194
133.770141,357,1733.81272,0.0019983186
183.257184,232,1734.502455,0.3792492
103.968406,641,1736.524699,0.07518568
295.048458,403,1737.848538,0.56099623
241.187371,316,1739.070498,0.03223795
266.57948,405,1740.357868,0.1026924
306.913995,257,1741.070714,0.5775489
478.539982,333,1742.326829,2.0436637
284.631931,232,1743.021712,0.28772175
423.031958,228,1743.711313,0.83908755
87.870517,296,1744.926813,0.017256327
448.243032,133,1745.062232,0.92323595
432.639219,132,1745.655469,0.788375
385.204264,126,1745.783211,0.7563095
676.566048,357,1747.061929,0.25936756
435.24132,192,1747.715233,0.6093896
392.845692,228,1748.404463,1.8523707
436.994081,186,1749.051489,0.5763121
362.419897,231,1749.743981,0.5908752
391.172309,201,1750.406602,0.3342815
370.023002,126,1750.991497,0.55419964
494.698364,166,1751.621146,0.42702967
488.671695,155,1752.238097,0.09727853
466.434909,172,1752.870437,0.54392457
191.037083,280,1753.612533,0.40274018
174.483439,320,1754.857024,0.32274657
601.174539,233,1755.553023,0.04170264
430.640355,169,1756.182944,0.7417823
947.196304,248,1756.895152,0.046058204
380.730831,230,1757.58925,0.12782472
608.113252,212,1758.265834,1.3133106
753.807832,198,1758.926862,0.8181463
298.155069,140,1759.528113,0.7685612
668.466923,162,1760.151305,0.2835144
470.856748,177,1760.332541,0.6261345
748.86503,248,1761.503108,0.8827095
403.675774,127,1761.633266,0.46589535
495.502014,117,1762.211187,0.61477834
1560.317251,256,1762.932348,1.5748905
358.369057,134,1763.526361,0.8667158
482.810418,120,1763.649187,0.33223388
513.02747,93,1764.204161,0.8956577
539.861863,166,1764.831125,0.27707475
500.544259,101,1764.93401,0.87464994
433.630464,119,1765.510681,0.4195629
507.186891,92,1765.596308,0.9227933
827.000546,261,1766.754851,0.20035003
1489.464363,245,1767.438387,0.21009043
740.705975,173,1768.057256,0.7453385
1457.848109,228,1768.725808,2.2390406
457.261392,122,1768.83925,0.1087182
478.226572,99,1769.389424,0.65526253
435.00934,152,1769.988126,0.15063773
510.635697,235,1770.66309,0.8532029
1021.311781,258,1771.36458,0.35187924
464.453236,122,1771.948126,0.38306245
419.843644,180,1772.588794,0.15355724
446.582481,115,1772.707089,0.43736628
519.115092,93,1773.261834,0.9404691
837.960135,272,1773.996063,1.1562542
494.363493,98,1774.555149,0.8103434
266.899482,136,1774.694601,0.05050028
565.66739,201,1775.358065,1.3438581
849.709717,266,1776.540951,0.4348832
471.538234,150,1776.694121,0.4917363
361.738364,116,1777.269986,0.22195767
378.509917,123,1777.395852,0.59595084
459.722218,186,1778.042961,0.4569131
1454.062674,250,1779.212562,1.1084796
478.571241,108,1779.322864,0.63671595
115.442231,173,1779.958061,0.1792648
504.481289,114,1780.531629,0.4244094
384.217763,125,1780.66017,0.6268405
276.601475,131,1781.252956,0.39397666
540.901729,141,1781.854997,0.48192155
482.3792,107,1781.964441,0.78021175
547.348068,174,1782.599224,0.54595584
700.318106,186,1783.25101,0.9268358
509.85925,168,1783.881814,0.2635829
99.515751,157,1784.689052,0.68106145
-279.483611,244,1785.401801,1.4353322
-282.435967,112,1785.516918,0.45623553
-485.644399,96,1786.074292,0.69804054
-327.765711,112,1786.190141,0.55724704
-354.454947,141,1786.792232,0.41098872
-296.265681,188,1787.440274,0.24729852
-290.018099,170,1788.066182,0.18980826
-293.167363,168,1788.696211,0.08135025
-295.166279,169,1789.32499,0.27358934
-243.363553,155,1789.48251,0.08469124
-204.942025,179,1790.122071,0.19869184
-165.158562,259,1791.297892,0.10271456
70.328088,898,1794.027345,0.0
-58.249226,1000,1797.317719,0.011686821
-68.566013,1000,1800.530958,0.02002376
-109.366515,1000,1803.725168,0.0032379248
-46.705797,1000,1806.917451,0.0145033505
-40.513742,1000,1810.107049,0.022411633
-35.274416,1000,1813.301602,0.024140628
-52.559179,1000,1816.513651,0.0078028673
-78.491115,1000,1819.763684,0.017301446
-92.843519,1000,1823.032397,0.007809897
-42.947037,1000,1826.310707,0.0020918644
-89.319482,1000,1829.640719,0.00909075
-43.809113,1000,1832.974103,0.0037134336
-123.61294,1000,1836.264901,0.0009602688
-33.779022,1000,1839.548249,0.028972907
-87.033235,1000,1842.904915,0.027252596
-29.600618,1000,1846.181307,0.007100435
-33.639298,1000,1849.459958,0.009983101
-94.527639,1000,1852.699801,0.023609063
-109.680739,1000,1855.894984,0.032624427
-66.920991,1000,1859.12763,0.04490873
-43.084694,1000,1862.358749,0.03939922
-95.325545,1000,1865.625237,0.027584922
-89.303004,1000,1868.883021,0.0049648965
-11.030962,1000,1872.151738,0.025891516
-149.599563,522,1874.038001,0.08210397
-104.050863,1000,1877.299024,0.0023976462
-82.970282,1000,1880.480504,0.012197489
-79.553307,1000,1883.668685,0.0002154565
-99.982544,1000,1886.851923,0.02924081
-87.386275,1000,1890.051968,0.0022567746
-129.776569,1000,1893.296204,0.03525435
-30.021912,1000,1896.502949,0.02999058
-10.001775,1000,1899.700848,0.01125853
-90.949267,1000,1902.904479,0.016483655
-107.382641,1000,1906.160512,0.022528628
29.517363,1000,1909.75826,0.032672785
-1.17225,1000,1913.358108,0.010249341
34.069663,1000,1916.668688,0.021272626
2.593781,1000,1919.955428,0.011320808
26.841476,1000,1923.245276,0.011619597
-7.037971,1000,1926.534225,0.0073900344
169.214185,381,1927.804473,0.0309621
10.360701,1000,1931.062633,0.018893681
-4.169301,1000,1934.360761,0.024580054
184.126344,372,1935.198898,0.08732165
-14.656254,1000,1938.481728,0.028444966
-14.365111,1000,1941.786245,0.03325509
-21.680062,1000,1945.036856,0.022059837
62.775059,1000,1948.245401,0.025398301
164.57591,332,1949.463679,0.06607879
-38.766638,1000,1952.656503,0.005551185
-42.718308,1000,1955.868308,0.01907837
-20.14683,1000,1959.045517,0.010190622
182.619919,397,1960.318542,0.0009690616
36.037655,1000,1963.619398,0.011005999
163.026311,442,1964.923329,0.3350138
31.146941,1000,1968.237606,0.025334248
158.689334,362,1969.475333,0.012622974
202.224086,460,1970.809386,0.10725903
37.874704,1000,1974.01779,0.017249895
52.726122,1000,1977.226104,0.0075740563
-6.430941,1000,1980.423121,0.016346889
62.469584,1000,1983.620374,0.06611051
52.457691,1000,1986.818011,0.0191345
-18.509609,1000,1990.016019,0.008434789
-67.695774,1000,1993.217415,0.02756835
9.097191,1000,1996.416364,0.020876776
55.04835,1000,1999.615834,0.07240175
49.27344,1000,2002.89531,0.025788326
41.348685,1000,2006.100432,0.04263405
37.935551,1000,2009.309572,0.019766323
53.858979,1000,2012.496387,0.008052087
65.383712,1000,2015.691674,0.0021168345
226.690697,398,2016.970261,0.11578693
154.218468,376,2018.227394,0.060948387
40.166297,1000,2021.41892,0.058449876
66.415309,1000,2024.612123,0.05869071
27.668783,1000,2027.799946,0.0252996
4.982464,1000,2031.190041,0.03723233
-114.751048,149,2031.779525,0.20925774
-44.400238,1000,2034.96622,0.013049992
-42.115199,1000,2038.315903,0.012163153
-23.611152,1000,2041.596,0.022913752
-59.909697,1000,2044.905701,0.0050199213
29.881614,1000,2048.18715,0.075639896
-40.409698,98,2048.285024,0.105584726
-18.591299,90,2048.831815,0.39561033
3.715655,111,2048.945852,0.031036757
147.665099,705,2051.477796,0.0
177.087972,407,2052.802816,0.0
130.50732,976,2056.049192,0.0
94.667421,821,2058.71617,0.0
-40.723896,1000,2061.95555,0.02211819
-22.37019,1000,2065.16431,0.024759442
-52.831368,1000,2068.392002,0.005319641
55.001975,116,2068.958587,0.0021211794
-60.400054,1000,2072.160939,0.08310898
-11.646573,1000,2075.45563,0.061791565
-13.224539,1000,2078.757958,0.011125192
204.559534,548,2080.238623,0.0
49.544751,1000,2083.546881,9.784675e-06
-10.322322,1000,2086.805257,0.019789321
-52.835242,1000,2090.010522,0.004174476
-23.649777,1000,2093.214614,0.011463271
-30.098941,1000,2096.424686,0.037861288
-43.770256,1000,2099.669633,0.047751702
-6.971532,1000,2102.881134,0.039853044
143.475179,846,2105.948316,0.0
140.71067,909,2108.62994,0.0
-62.340052,434,2109.975837,0.16887705
221.1996,672,2112.423388,0.0
33.815248,1000,2115.661619,0.0065430575
197.018513,522,2117.107442,0.0
-54.936324,497,2118.991747,0.11683704
138.959983,852,2121.677637,0.0
8.272653,1000,2124.972555,0.0052621514
-50.609791,1000,2128.266177,0.021283787
-8.016208,1000,2131.555772,0.013254483
8.225113,1000,2134.788691,0.0061028814
-15.422566,1000,2137.996602,0.010312405
-6.711312,1000,2141.195312,0.0015500751
26.428978,1000,2144.492799,0.02637807
-18.203816,1000,2147.780468,0.017473053
9.723266,1000,2151.072034,0.00608675
169.855691,1000,2154.824577,0.021728007
2.075509,1000,2158.16504,0.0023883975
-9.001963,1000,2161.373699,0.030292476
-18.303805,1000,2164.585736,0.016717615
-9.530907,1000,2167.81973,0.03170031
-5.206382,1000,2171.021065,0.005351955
0.372223,1000,2174.279061,0.022789752
-23.758258,1000,2177.583786,0.01346474
-26.792456,1000,2180.896366,0.010103997
-38.177197,1000,2184.210478,0.026907338
-21.05864,1000,2187.516665,0.025421297
-16.815735,1000,2190.827074,0.01862703
27.122871,1000,2194.11388,0.0129313925
9.588765,1000,2197.376201,0.03176772
16.248566,1000,2200.587125,0.009137743
2.606982,1000,2203.830275,0.005320612
-19.988164,1000,2207.171544,0.028150022
28.253822,1000,2210.385988,0.023724927
25.971525,1000,2213.653339,0.02346174
31.864695,1000,2216.885943,0.023832675
2.92437,1000,2220.096792,0.010615208
-19.758911,1000,2223.309724,0.016900433
40.465961,1000,2226.525041,0.0067857592
29.094733,1000,2229.735011,0.015749661
-34.162789,1000,2232.948377,0.02486804
22.584264,1000,2236.163205,0.02090159
-27.812022,1000,2239.377158,0.0123145385
-27.429691,1000,2242.592841,0.0037314282
-35.998448,1000,2245.811801,0.0069029345
18.293564,1000,2249.111441,0.013801949
18.120746,1000,2252.454124,0.0063236924
-13.546092,1000,2255.778985,0.0056774784
44.350413,1000,2259.103058,0.035026487
36.292777,1000,2262.347723,0.022627186
0.105048,1000,2265.570575,0.012642145
21.769505,1000,2269.25433,0.025790177
-16.504297,1000,2273.202896,0.012090237
-52.355884,1000,2276.714584,0.021092314
15.099196,1000,2280.322047,0.028548952
-26.132137,1000,2283.743121,0.00040959654
-7.343704,1000,2287.026658,0.031974126
-8.384568,1000,2290.282517,0.013741139
-9.761117,1000,2293.65556,0.03353182
-58.28558,1000,2296.949481,0.02746876
-23.251923,1000,2300.261955,0.017823523
-42.31221,1000,2303.551235,0.020952625
-59.931659,1000,2306.833765,0.026823182
-12.495149,1000,2310.098134,0.011183019
-13.250074,1000,2313.432996,0.0073222634
-53.893482,1000,2316.706441,0.0094693005
-25.857425,1000,2319.946449,0.003157325
-14.381461,1000,2323.188704,0.034933638
-56.246534,1000,2326.45764,0.010914658
11.350916,1000,2329.862299,0.009732247
-44.923761,1000,2333.131545,0.010105952
-9.56909,1000,2336.481005,0.0356218
-11.215092,1000,2339.741524,0.030188942
-13.194792,1000,2342.991936,0.0018405095
-47.324867,1000,2346.241803,0.033568595
-4.067309,1000,2349.483371,0.01125888
4.577922,1000,2352.715822,0.005844849
14.11991,1000,2355.977909,0.013468767
-36.058151,1000,2359.286824,0.008735837
-19.174629,1000,2362.692517,0.008814107
-4.843439,1000,2365.937922,0.00010142457
-17.085362,1000,2369.182778,0.015725413
-25.835939,1000,2372.438037,0.010153641
-75.908344,1000,2375.74309,0.020055708
-11.743415,1000,2379.023245,0.008440152
20.744463,1000,2382.265184,0.011628961
-53.589346,1000,2385.511366,0.0032483006
-51.057771,1000,2388.757126,0.004583973
-53.434474,1000,2391.977887,0.018338619
-42.579998,1000,2395.196981,0.034604434
-48.402431,1000,2398.415162,0.015004697
138.449317,1000,2401.843022,0.033579137
31.917697,1000,2405.278413,0.002497909
-0.758001,1000,2408.523007,0.009437007
-13.791198,1000,2411.732793,0.027666934
11.138538,1000,2414.936084,0.021898715
-17.001556,1000,2418.166954,0.0017412987
10.646987,1000,2421.393661,0.0037379207
4.063326,1000,2424.623904,0.01462096
19.273281,1000,2427.853505,0.017450769
16.860579,1000,2431.083191,0.0027900033
-14.035368,1000,2434.314529,0.0017716426
7.693206,1000,2437.546278,0.0015882251
6.33614,1000,2440.774041,0.030457845
-4.843079,1000,2444.006495,0.021699093
18.66943,1000,2447.237613,0.03071311
-9.806,1000,2450.466093,0.016889317
-176.428787,678,2452.478983,0.0
-9.294667,1000,2455.712587,0.02704616
-8.365839,1000,2458.947715,0.0029287925
35.558832,298,2460.148108,0.013782884
-34.635498,1000,2463.364392,0.009340032
-23.739838,1000,2466.592368,0.009214924
-46.954181,1000,2469.824742,0.00020823434
10.97525,1000,2473.058765,0.014052418
-24.735049,1000,2476.293038,0.0154275
-12.134879,1000,2479.527699,0.024719486
-6.788264,1000,2482.757361,0.0035616881
3.373618,1000,2486.01157,0.007975144
-61.525656,1000,2489.248343,0.0070008095
0.491785,1000,2492.491547,0.02093937
-30.788999,1000,2495.725553,0.021484645
-43.016476,1000,2498.96923,0.0033429323
-17.366644,1000,2502.202501,0.037209716
30.204957,257,2502.901661,0.028280348
26.553225,1000,2506.144724,0.00896912
35.071233,1000,2509.398155,0.0065430766
-34.716118,1000,2512.651083,0.01355798
-24.402217,1000,2515.890218,0.016761579
40.88719,1000,2519.140321,0.0043192594
-47.211343,1000,2522.635347,0.036430918
32.845366,1000,2525.967691,0.021435957
-51.705043,1000,2529.198454,0.016745893
-12.870376,1000,2532.413804,0.021393709
-48.244868,1000,2535.631617,0.0370974
4.160142,1000,2538.847124,0.029694995
96.609001,936,2542.019211,0.0
1.086639,1000,2545.237433,0.03561693
-1.995814,1000,2548.479631,0.016052637
-6.789037,1000,2551.75322,0.009159167
2.333025,1000,2555.031563,0.043918714
6.961042,1000,2558.307925,0.01614837
-28.214736,1000,2561.551733,0.02068281
131.591406,929,2564.937567,0.0
3.88922,1000,2568.465797,0.02294357
-19.080662,1000,2571.797272,0.009065515
-19.970152,1000,2575.089118,0.021484882
-31.264816,1000,2578.326431,0.021670343
-25.913306,1000,2581.581716,0.055969585
-13.224963,1000,2584.863473,0.015079937
16.799132,1000,2588.186456,9.669179e-07
-10.886687,1000,2591.47192,0.022224164
155.70049,900,2594.219449,0.0
132.452701,929,2597.482206,0.0
11.552947,1000,2600.693848,0.043324325
160.918474,671,2602.703621,0.0
118.610051,844,2605.310182,0.0
191.676823,875,2608.417567,0.0
-39.288136,1000,2611.625122,0.004553548
77.246159,1000,2614.840154,3.2421528e-07
-37.925499,1000,2618.052269,0.020533292
152.517819,960,2620.765371,0.0
-5.526033,1000,2623.971068,0.0010720588
146.02599,975,2627.180932,0.0
-34.761235,1000,2630.40315,0.0009572419
8.714056,1000,2633.613208,0.0021541128
-18.474954,1000,2636.813709,0.00018436046
116.539015,876,2639.928265,0.0
-41.802168,1000,2643.133419,0.017092269
76.017857,951,2646.08891,0.0
-21.308533,1000,2649.503606,0.02782517
-32.241101,1000,2652.808422,0.02719363
-141.763326,801,2655.429528,0.0
5.141909,1000,2658.674541,0.073605865
-10.801584,1000,2661.922275,0.01990203
-0.116371,1000,2665.193974,0.03143428
-30.774268,1000,2668.462192,0.022697391
20.156428,1000,2671.722489,0.0044043357
13.535407,1000,2674.981112,0.006216479
-5.224625,1000,2678.242496,0.037705354
-18.615988,1000,2681.503538,0.01538075
-0.361927,1000,2684.753733,0.011698606
-40.813647,1000,2687.986705,0.031166442
5.025684,1000,2691.23039,0.019283267
-28.636797,1000,2694.470861,0.02617943
-3.924263,1000,2697.713082,0.008232444
630.835457,79,2698.252495,1.5993904
-21.293796,1000,2701.493019,0.03149954
-14.275299,1000,2704.743823,0.018249702
5.996479,1000,2707.96485,0.0052012624
-13.935689,1000,2711.198314,0.03788215
-33.538956,1000,2714.43749,0.008633183
-18.081259,1000,2717.677191,0.03624613
-13.40486,1000,2720.913499,0.016655823
-28.847887,1000,2724.150712,0.03397544
-0.046842,1000,2727.394474,0.03463723
-29.406491,1000,2730.63483,0.017690392
1.755825,1000,2733.876564,0.0035489197
609.650288,71,2733.94131,1.4610806
-37.32437,1000,2737.183905,0.006747196
-28.496312,1000,2740.429132,0.034642354
579.760565,70,2740.959103,1.4213414
-35.69279,1000,2744.205731,0.020500276
656.994518,98,2744.295657,1.0773026
676.496982,78,2744.367715,1.1515534
13.487558,1000,2747.714863,0.023565242
724.217173,86,2748.263401,0.8263759
565.586978,122,2748.378335,0.9513701
519.098633,96,2748.930157,1.0525258
663.072591,73,2748.997946,1.2608871
708.461335,85,2749.53844,0.8184035
675.240549,85,2749.616193,1.1940674
632.199035,71,2749.681545,1.358374
590.508615,117,2750.251642,1.0460988
597.959974,62,2750.309953,1.3446176
582.018194,92,2750.856627,1.1392379
603.718445,126,2750.973306,1.0653465
668.093934,73,2751.503047,1.2097355
648.837849,83,2751.580637,1.0001003
587.27396,125,2752.157489,1.0883266
609.895642,73,2752.224818,1.258498
691.384455,89,2752.768991,0.75280756
668.695455,84,2752.850726,1.0657412
480.522871,92,2753.399491,1.1667626
605.316505,63,2753.458491,1.5133234
661.83304,72,2753.525328,1.2625773
547.309173,98,2754.08229,1.1029384
682.955598,87,2754.163685,0.71841854
733.513376,74,2754.700681,1.4527862
576.321871,120,2754.813123,1.0174711
696.862618,82,2755.359735,0.90716565
687.32731,80,2755.434276,1.2994287
483.326467,79,2755.507532,1.2499738
540.560756,93,2756.062507,0.9746821
650.229912,68,2756.126515,1.4538254
630.214059,69,2756.190997,1.3725034
586.998267,113,2756.765327,0.9312399
614.341269,78,2756.838531,1.244534
688.145469,87,2757.387009,0.84622675
717.311863,85,2757.46633,0.7697075
562.59692,101,2758.026438,1.094021
613.918454,93,2758.113171,0.98896044
640.971841,67,2758.640915,1.3551347
702.977391,73,2758.709599,1.2283491
684.858661,70,2758.774901,1.5015053
706.837853,73,2759.309899,1.2243097
653.452571,70,2759.375127,1.4277531
652.98127,80,2759.450083,1.2048751
541.036655,128,2760.036162,0.87349147
684.892317,70,2760.101809,1.4746677
683.518316,70,2760.635236,1.3841339
607.617431,104,2760.732019,1.1999575
507.985531,88,2761.281566,1.1566277
658.404755,84,2761.360509,1.2699145
718.583106,79,2761.901548,1.2569681
548.540532,116,2762.009346,0.95358527
698.444507,77,2762.547379,1.3941749
637.179147,80,2762.624459,1.1196147
689.748711,71,2762.698033,1.4691925
636.681529,71,2763.235576,1.3789402
730.692728,80,2763.31823,1.10739
684.394087,75,2763.39602,1.146365
720.855177,82,2763.94638,1.0939134
747.121786,84,2764.033224,0.98866814
559.055268,77,2764.5798,1.1930634
521.509412,95,2764.677557,1.0745788
724.582876,81,2765.22754,1.1413867
720.121347,79,2765.309129,1.1119694
526.688755,97,2765.408536,1.1419514
715.10993,83,2765.960595,0.98440653
692.831433,70,2766.03302,1.4870276
691.216474,73,2766.575359,1.2700602
671.828407,82,2766.659636,1.0547444
528.297737,89,2766.75142,1.2213601
