rollout/ep_len_mean,time/fps,time/total_timesteps,time/time_elapsed,rollout/ep_rew_mean,time/episodes,train/n_updates,train/critic_loss,train/learning_rate,train/ent_coef_loss,train/actor_loss,train/ent_coef,robustness/avg_impact_vel,robustness/cvar_5_percent
95.0,4034,460,0,-256.42105625,4,,,,,,,,
102.875,4522,916,0,-203.728371125,8,,,,,,,,
104.75,3425,1376,0,-227.15034074999997,12,,,,,,,,
104.0625,1613,1856,1,-236.30259949999999,16,50,104.83110385894776,0.0003,-0.024720790944993496,-0.7152077054977417,0.9926856505870819,,
107.9,1779,2276,1,-235.35852764999996,20,,,,,,,,
105.41666666666667,1358,2640,1,-239.26038679166666,24,100,103.66006981849671,0.0003,-0.07506434194743633,-0.3287016589567065,0.9779047787189483,,
105.53571428571429,1476,3044,2,-244.35556417857146,28,,,,,,,,
103.625,1275,3568,2,-239.87296450000002,32,150,90.02996257781983,0.0003,-0.12509062975645066,0.2027907694876194,0.9633596444129944,,
107.47222222222223,1153,4044,3,-229.02486238888892,36,200,96.4622893333435,0.0003,-0.17350463539361954,0.2845494727790356,0.9490737593173981,0.5439408,-506.603303
109.725,1248,4660,3,-230.66493717500003,40,,,,,,,,
109.5,1132,5024,4,-226.8954977954546,44,250,90.9821912765503,0.0003,-0.21965318232774733,0.5912988437712192,0.9351160800457001,,
111.47916666666667,1087,5692,5,-226.85815650000004,48,300,68.77778128623963,0.0003,-0.26493385702371597,0.6808908426016569,0.9214741742610931,,
112.96153846153847,1125,6076,5,-231.01848973076923,52,,,,,,,,
114.92857142857143,1067,6624,6,-231.54280530357144,56,350,72.66076496124268,0.0003,-0.30864076673984525,0.9789990840852261,0.9081050598621369,,
115.38333333333334,1099,6964,6,-225.90239555000002,60,,,,,,,,
116.03125,1067,7504,7,-224.246399375,64,400,59.30693192481995,0.0003,-0.35279472649097443,0.9085749845206738,0.8949973046779632,,
117.70588235294117,1063,8156,7,-225.76344794117648,68,450,58.47494092941284,0.0003,-0.38795107245445254,1.1303405040502548,0.8821782147884369,0.39852595,-522.391569
119.15277777777777,1110,8780,7,-221.5437349027778,72,,,,,,,,
120.77631578947368,1100,9328,8,-229.6388800526316,76,500,55.98691192626953,0.0003,-0.4295459645986557,1.5810355097055435,0.869696763753891,,
123.25,1117,10192,9,-227.6515904625,80,550,51.37858170509338,0.0003,-0.4701357966661453,1.6635078299045563,0.8574147725105286,,
127.13095238095238,1116,10872,9,-230.12924329761907,84,600,42.90815934181214,0.0003,-0.5133870130777359,1.8368108522892,0.8452762126922607,,
130.23863636363637,1123,11664,10,-231.06371556818183,88,650,44.17966360092163,0.0003,-0.5512110900878906,2.046946488618851,0.8332904815673828,,
131.29347826086956,1113,12212,10,-231.27640804347823,92,700,38.567650504112244,0.0003,-0.5849422442913056,2.2253709304332734,0.82152477145195,0.34648162,-560.53816
132.42708333333334,1119,13004,11,-227.16495991666667,96,750,29.60920473575592,0.0003,-0.624172888994217,2.302528660297394,0.8100424468517303,,
134.16,1155,13588,11,-228.54578884999998,100,,,,,,,,
135.99,1148,14192,12,-225.72154913000003,104,800,30.6986243724823,0.0003,-0.6622416853904725,2.7613472294807435,0.7986777257919312,,
136.93,1141,14812,12,-228.82266342000003,108,850,27.2369286775589,0.0003,-0.7043529379367829,2.7271259129047394,0.7874483215808868,,
139.4,1138,15472,13,-226.45427791999998,112,900,24.794620451927184,0.0003,-0.741902322769165,3.0024524223804474,0.7763879704475403,,
144.5,1137,16184,14,-226.25991728999998,116,950,22.699599542617797,0.0003,-0.7836341667175293,2.703995225429535,0.7654266571998596,0.30017227,-540.799618
145.11,1145,17036,14,-222.47932513,120,1000,26.650384302139283,0.0003,-0.8168821358680725,3.0020134592056276,0.7546167528629303,,
148.23,1170,17556,14,-222.51779919,124,,,,,,,,
152.26,1148,18464,16,-222.00250411000002,128,1100,19.020718717575072,0.0003,-0.8874748706817627,3.0911618161201475,0.7335482478141785,,
155.74,1176,19084,16,-221.06036017,132,,,,,,,,
155.97,1171,19696,16,-222.08262827000001,136,1150,20.982859382629396,0.0003,-0.9206383848190307,3.7225874948501585,0.7232933270931244,,
159.24,1176,20512,17,-219.83775354000002,140,1200,19.869136238098143,0.0003,-0.9569013392925263,3.4397271418571473,0.7132003653049469,0.20807217,-529.5892362000001
163.66,1179,21296,18,-221.29904258,144,1250,23.56756134033203,0.0003,-0.9847693645954132,4.060681972503662,0.703257268667221,,
166.91,1192,22340,18,-221.53537190999995,148,1300,20.99214600563049,0.0003,-1.0125803124904633,3.946956946849823,0.6935357248783112,,
169.18,1192,23084,19,-217.20865686999997,152,1350,19.555000143051146,0.0003,-1.0457043254375458,4.209640648365021,0.6839766609668732,,
172.45,1173,24016,20,-214.10890441000004,156,1450,19.197169094085694,0.0003,-1.1023012614250183,4.266032118797302,0.6652721309661865,0.18376888,-475.3723988
184.23,1180,25756,21,-213.979556,160,1550,20.428735179901125,0.0003,-1.1491028928756715,4.437999596595764,0.6473274874687195,,
190.5,1181,27212,23,-213.64294618999998,164,1650,18.45357271194458,0.0003,-1.2102618265151976,4.945522673130036,0.6299662876129151,,
199.04,1190,28220,23,-209.91729795,168,1700,18.97236415863037,0.0003,-1.2450821685791016,4.802028431892395,0.6214280045032501,0.1796332,-462.83043639999994
203.56,1204,29412,24,-207.61972499000004,172,1750,20.3774374961853,0.0003,-1.280584635734558,4.608145823478699,0.6129807209968567,,
206.23,1202,30112,25,-198.09723323999995,176,1800,19.39502317905426,0.0003,-1.2824931120872498,5.021589703559876,0.6046704518795013,,
211.7,1203,31632,26,-197.08453787,180,1900,25.335469846725463,0.0003,-1.343222246170044,4.911019620895385,0.5884630262851716,,
216.09,1213,32712,26,-192.20993254999996,184,1950,24.944909152984618,0.0003,-1.367570276260376,5.300677666664123,0.5805056548118591,0.16653703,-373.89346480000006
220.88,1216,34344,28,-187.54438118000002,188,2050,18.81821385383606,0.0003,-1.397166223526001,5.025721807479858,0.5652121841907501,,
231.11,1217,35880,29,-185.58770389000006,192,2150,23.840012044906615,0.0003,-1.464258589744568,5.493477659225464,0.550319676399231,,
250.8,1207,38456,31,-186.64029055999995,196,2350,17.881878938674927,0.0003,-1.540149714946747,5.883131408691407,0.5214104545116425,0.16198896,-360.1518846
264.28,1221,40580,33,-187.37791639000002,200,2450,17.23489573478699,0.0003,-1.5893290829658508,5.946664834022522,0.5076748752593994,0.14959633,-360.1518846
282.12,1221,43536,35,-183.58281254999997,204,2650,18.631204109191895,0.0003,-1.6633452343940736,5.81858500957489,0.4813091653585434,,
302.18,1227,46840,38,-183.70732617,208,2850,17.434102301597594,0.0003,-1.7554302597045899,5.956696214675904,0.45642762422561645,0.13624386,-375.0264694
333.31,1231,50840,41,-179.28898790999995,212,3100,21.23443684577942,0.0003,-1.849711127281189,4.747093760967255,0.4270941573381424,0.13435568,-375.0264694
361.58,1234,54028,43,-172.07594733000002,216,3300,18.622171020507814,0.0003,-1.9220827150344848,4.9780626344680785,0.4050231969356537,0.126694,-375.0264694
388.01,1242,57524,46,-168.57636975000003,220,3500,15.22636821269989,0.0003,-1.9616898322105407,4.612911767959595,0.3839967107772827,0.124204785,-375.0264694
421.17,1201,61524,51,-157.76970262999998,224,3750,14.148271770477296,0.0003,-2.029245398044586,4.816664814949036,0.35943355202674865,0.12349436,-366.7896232
447.15,1149,64744,56,-150.26658659,228,3950,16.15494520187378,0.0003,-2.154598171710968,4.818145174980163,0.3407987952232361,0.12172284,-366.7896232
478.65,1085,68180,62,-144.00346998,232,4200,17.588931164741517,0.0003,-2.1729710698127747,5.058422668576241,0.3186152708530426,0.114043735,-359.8348062
512.89,1044,72180,69,-139.01693993,236,4450,18.4605983877182,0.0003,-2.289573109149933,4.732414598464966,0.29813425421714784,0.109481335,-359.8348062
540.82,1006,76180,75,-133.74709225,240,4700,14.921571288108826,0.0003,-2.270556628704071,4.294171851873398,0.2791214597225189,0.105073445,-359.8348062
572.11,975,80180,82,-125.46865856999997,244,4950,16.592356343269348,0.0003,-2.3201010465621947,4.378827022314072,0.26140146613121035,0.100494474,-359.8348062
600.9,948,84180,88,-116.09098145999998,248,5200,13.298661451339722,0.0003,-2.3821921586990356,4.408123276233673,0.24497853338718414,0.09406921,-330.92685120000004
630.79,923,88180,95,-111.37398158999999,252,5450,16.69409740447998,0.0003,-2.3964951395988465,4.644405188560486,0.2295765009522438,0.09269625,-326.9943502
660.4,908,91580,100,-107.54012677,256,5650,11.445273728370667,0.0003,-2.499427146911621,4.753271642923355,0.21779025614261627,,
682.68,894,95580,106,-103.62109527000001,260,5900,13.18732208251953,0.0003,-2.4588788318634034,5.491311193108559,0.2039964285492897,0.0880992,-326.9943502
710.61,881,99580,112,-98.36487754000001,264,6150,11.610670552253723,0.0003,-2.4679672479629517,5.1842818713188175,0.1912526747584343,0.08644854,-326.9943502
735.0,857,103580,120,-93.10014591,268,6400,10.98212971687317,0.0003,-2.502051923274994,5.137857303619385,0.1792387229204178,0.08656913,-326.9943502
764.73,821,107580,131,-90.46104641999999,272,6650,11.620836172103882,0.0003,-2.688028190135956,5.007007224559784,0.16761052429676057,0.07870409,-326.9943502
796.06,806,111580,138,-85.99000896999998,276,6900,9.580923542976379,0.0003,-2.685465569496155,4.577474148273468,0.15660827934741975,0.072252676,-326.9943502
823.78,797,115580,145,-80.26227094999999,280,7150,7.373092756271363,0.0003,-2.755412707328796,3.551963175535202,0.14604554682970047,0.07127916,-326.9943502
851.2,787,119580,151,-74.04796968000001,284,7400,4.989579033851624,0.0003,-2.815860915184021,3.198474894762039,0.1362064754962921,0.06326788,-326.9943502
878.59,782,123580,157,-68.98129603000001,288,7650,5.869892416000366,0.0003,-2.963944101333618,3.0361017817258835,0.1271860519051552,0.060312737,-326.9943502
902.18,776,127580,164,-61.95352655,292,7900,3.2528865575790404,0.0003,-2.985761032104492,2.410010557770729,0.11852638363838196,0.058935896,-326.9943502
916.15,780,131580,168,-56.83358471,296,8150,5.229532220363617,0.0003,-3.076176862716675,2.240764071941376,0.11047797411680221,0.05272602,-326.9943502
935.64,787,135580,172,-46.357213759999986,300,8400,2.5477191686630247,0.0003,-3.210081706047058,1.3079725295305251,0.10271530628204345,0.049485587,-317.78701880000006
952.17,795,139580,175,-44.95725574,304,8650,3.4592419505119323,0.0003,-3.1091074323654175,0.6094150675833225,0.09561990812420845,0.047684103,-236.39068180000004
966.74,794,143580,180,-36.83068378,308,8900,2.200209367275238,0.0003,-3.3161687421798707,0.7440319639444352,0.08896738514304162,0.043416902,-236.39068180000004
968.8,792,147580,186,-33.49869891,312,9150,1.9486343955993652,0.0003,-3.5690130758285523,0.2911804200708866,0.08254321739077568,0.042363945,-170.2294416
962.19,824,150408,0,-25.480342970000002,316,9350,1.930185422897339,0.0003,-3.575727691650391,0.5478930932283401,0.07777641668915748,0.039669603,-154.30032939999998
932.73,3138,150684,0,-27.153375150000002,320,,,,,,,,
895.61,3464,150920,0,-52.96864002,324,,,,,,,,
864.55,1168,151236,0,-77.96323542,328,9400,19.16359896183014,0.0003,-3.4839736080169676,1.421969956457615,0.07666001692414284,,
828.56,1416,151504,0,-87.26483341000001,332,,,,,,,,
791.51,1595,151776,0,-89.88813289,336,,,,,,,,
758.24,1239,152140,1,-91.82031680999998,340,9450,9.770094347000121,0.0003,-3.6062677097320557,1.811355375647545,0.0755749562382698,0.13927113,-751.7299
722.02,1410,152500,1,-101.91275599000002,344,,,,,,,,
679.9,1208,152848,2,-112.18025938,348,9500,5.086834828853608,0.0003,-3.3725307035446166,2.5559439615905286,0.07451122134923935,,
653.6,1307,153140,2,-113.41342773000002,352,,,,,,,,
618.13,1398,153424,2,-112.64276440999998,356,,,,,,,,
582.36,1237,153728,2,-112.58236116,360,9550,9.307962293624877,0.0003,-3.4712873029708864,2.4189940547943114,0.07349809423089028,,
546.6,1340,154140,2,-112.72406456000003,364,,,,,,,,
511.73,1234,154520,3,-114.15070343999997,368,9600,6.705874185562134,0.0003,-3.45919020652771,2.8139548033475874,0.07248264402151108,,
475.07,1299,154840,3,-117.03721834999999,372,,,,,,,,
438.36,1359,155152,3,-118.95307622000001,376,,,,,,,,
401.64,1242,155488,4,-121.73223426999999,380,9650,19.173923716545104,0.0003,-3.270847339630127,3.573232846260071,0.07149198397994042,,
364.85,1301,155852,4,-124.56813072000003,384,,,,,,,,
328.4,1222,156184,4,-126.85676444,388,9700,17.10480551958084,0.0003,-3.483279809951782,3.4104248481988906,0.07053628981113434,0.32472244,-751.7299
291.78,1265,156488,4,-129.21303948000002,392,,,,,,,,
255.22,1204,156864,5,-131.36201927000005,396,9750,15.065774643421173,0.0003,-3.417136993408203,4.366307671070099,0.06958819568157196,,
218.59,1245,157188,5,-133.48442874,400,,,,,,,,
181.71,1285,157520,5,-133.05944804,404,,,,,,,,
145.16,1225,157852,6,-133.90545084000001,408,9800,8.780873138904571,0.0003,-3.36968252658844,3.7769646775722503,0.06861136928200721,,
108.99,1270,158252,6,-133.90111623,412,,,,,,,,
81.84,1220,158604,6,-140.23922131,416,9850,15.881381373405457,0.0003,-3.3505185651779175,4.293322501182556,0.0676992230117321,,
82.61,1258,158976,6,-138.71520460000002,420,,,,,,,,
83.3,1211,159320,7,-114.83761352000003,424,9900,14.887275085449218,0.0003,-3.4354078578948974,4.059212052226067,0.066785339564085,,
84.01,1250,159748,7,-88.86832758999999,428,,,,,,,,
85.12,1206,160092,8,-79.55700323,432,9950,8.75127972126007,0.0003,-3.191507968902588,5.058387551307678,0.06590779572725296,0.42523658,-276.2116318
85.97,1242,160508,8,-77.99416029000001,436,,,,,,,,
86.48,1177,160844,8,-76.32676842,440,10000,10.005256810188293,0.0003,-3.1311438941955565,5.199881757497788,0.06507892295718193,,
86.77,1174,161216,9,-67.04624581000002,444,,,,,,,,
87.31,1114,161604,10,-59.66415880000002,448,10050,14.954201316833496,0.0003,-3.370041403770447,5.393144707679749,0.06424255028367043,,
89.06,1117,162068,10,-55.23661575999999,452,,,,,,,,
90.36,1056,162512,11,-54.789721580000005,456,10100,22.33083468914032,0.0003,-3.313937211036682,6.16034250497818,0.06340018466114998,,
91.45,1057,162932,11,-53.14533987,460,,,,,,,,
92.79,1011,163364,12,-50.95318845,464,10150,4.679318113327026,0.0003,-3.3496899509429934,6.038049287796021,0.06254923835396767,,
94.2,1020,163872,13,-48.53401948999999,468,,,,,,,,
95.56,973,164296,14,-46.23121912,472,10200,15.105460071563721,0.0003,-3.404433090686798,6.3180042219161985,0.06169080212712288,0.39941275,-113.5954696
96.71,981,164736,14,-44.50483663,476,,,,,,,,
98.14,949,165224,15,-41.45910518000001,480,10250,9.599845156669616,0.0003,-3.4221724033355714,6.886049251556397,0.06086290799081326,,
99.69,923,165764,16,-37.92182456999999,484,10300,9.342770500183105,0.0003,-3.3049902009963987,6.139494203329086,0.06005613431334496,,
101.82,934,166400,17,-36.70838395,488,,,,,,,,
104.71,906,167040,18,-33.951749289999995,492,10350,9.674166288375854,0.0003,-3.229892821311951,6.6412290620803835,0.05927153743803501,,
106.73,881,167636,19,-31.666207769999993,496,10400,7.878717825412751,0.0003,-3.1818107032775877,6.796995582580567,0.05850026935338974,,
108.94,859,168124,20,-29.262169659999994,500,10450,3.8186696910858156,0.0003,-3.164729104042053,6.876697385311127,0.057766656875610355,0.31726405,-93.5356358
110.48,866,168660,21,-28.8066571,504,,,,,,,,
112.47,850,169200,22,-27.61990711,508,10500,7.419751513004303,0.0003,-3.112153425216675,7.686778874397278,0.057034158632159236,,
114.76,835,169828,23,-27.18482129,512,10550,6.885170164108277,0.0003,-3.1613799428939817,7.623998746871949,0.05631822697818279,,
116.54,839,170320,23,-26.163190169999996,516,,,,,,,,
118.97,828,170892,24,-24.7927878,520,10600,6.4793475103378295,0.0003,-3.161726861000061,7.931154880523682,0.05560156591236591,,
121.59,818,171472,25,-24.29109595,524,10650,12.061550760269165,0.0003,-2.9865497398376464,7.902288846969604,0.05490503378212452,,
122.81,804,172012,26,-22.872167949999998,528,10700,14.523345909118653,0.0003,-2.9848131370544433,8.828671083450317,0.05424570694565773,0.25450966,-84.144562
124.87,810,172600,27,-23.304720300000003,532,,,,,,,,
126.94,796,173108,28,-21.48326118,536,10750,9.067936491966247,0.0003,-3.1132412576675415,9.159606761932373,0.05357364803552628,,
129.75,782,173732,29,-19.78409569,540,10800,9.349067239761352,0.0003,-3.045742378234863,8.863948793411256,0.05289942428469658,,
130.03,787,174232,30,-20.525405980000002,544,,,,,,,,
132.36,782,175000,31,-20.07822547,548,10850,4.9225171947479245,0.0003,-2.8404360103607176,9.57816939353943,0.05225774504244327,,
135.24,775,175636,32,-19.39921365,552,10900,7.149342613220215,0.0003,-2.923194236755371,10.038900785446167,0.05164445877075195,,
136.78,767,176164,33,-19.23923193,556,10950,9.745174207687377,0.0003,-2.7058704257011414,10.895638256072997,0.05103540807962417,0.18362387,-72.8247306
138.5,763,177084,34,-20.69750698,560,11000,6.862827501296997,0.0003,-2.7787997174263,10.834568109512329,0.050447957143187526,,
143.77,761,177952,36,-19.88593831,564,11050,6.783306784629822,0.0003,-2.801553373336792,10.9254714012146,0.049867499172687534,,
145.93,755,179156,38,-20.792896459999998,568,11100,15.160853505134583,0.0003,-2.880706775188446,11.509460210800171,0.049279972165822986,,
154.63,738,180340,40,-14.583697350000001,572,11200,7.212365379333496,0.0003,-2.580834426879883,11.885984735488892,0.048146180510520935,0.15272027,-85.64986719999999
161.47,735,181208,41,-10.8945747,576,11250,16.163532309532165,0.0003,-2.6611684370040893,12.743673305511475,0.04760246947407722,,
164.99,729,182308,43,-12.85755843,580,11300,5.522011823654175,0.0003,-2.3635474038124085,12.633351135253907,0.04709338016808033,,
173.94,721,183520,45,-8.619235210000001,584,11400,8.549892883300782,0.0003,-2.7496332693099976,13.549150695800781,0.04605068057775497,,
175.93,717,184120,47,-9.73407088,588,11450,9.941875376701354,0.0003,-2.298134613037109,13.381805896759033,0.045516928434371946,0.12308284,-99.6729894
177.27,714,185004,48,-10.299668480000001,592,11500,11.889389071464539,0.0003,-2.264622356891632,13.492250671386719,0.04504712216556072,,
185.31,707,186312,50,-9.537503899999999,596,11550,13.081301894187927,0.0003,-2.5009803628921508,13.793922500610352,0.044572902694344524,,
190.13,688,187316,53,-13.059092900000001,600,11650,7.102287735939026,0.0003,-2.3116393804550173,14.517691974639893,0.04358526729047298,,
193.25,678,188028,55,-13.98916702,604,11700,13.268491468429566,0.0003,-2.6580039620399476,14.10286901473999,0.04310072511434555,0.109822,-136.9681482
195.15,670,188816,57,-16.63985681,608,11750,19.21915774822235,0.0003,-2.391569278240204,14.859705791473388,0.04259113125503063,,
195.04,670,189376,58,-19.330049829999997,612,,,,,,,,
195.59,671,190200,59,-20.80858463,616,11800,8.760874075889587,0.0003,-2.2356879186630247,14.963028755187988,0.042143885865807536,,
198.77,669,190788,60,-22.307153200000005,620,11850,7.875612206459046,0.0003,-2.024883155822754,15.278198547363282,0.04171173937618732,,
203.92,664,192424,63,-24.79333861,624,11950,9.631697211265564,0.0003,-1.9041504287719726,15.310985813140869,0.040884681046009064,0.10411147,-145.502623
212.88,661,193916,65,-25.54478043,628,12050,9.30929407119751,0.0003,-1.7106561928987503,15.479041900634765,0.040133159905672074,,
228.38,659,196168,69,-24.678242039999997,632,12200,5.823296523094177,0.0003,-1.9011798214912414,16.420824489593507,0.03907335728406906,0.09426866,-145.502623
245.28,660,198616,72,-24.612624029999996,636,12350,8.012767734527587,0.0003,-1.3226512503623962,17.20796257019043,0.038049346432089806,,
255.33,660,199640,74,-19.167945399999997,640,12400,15.001236944198608,0.0003,-1.9575909340381623,17.58252544403076,0.037729721143841745,,
270.71,658,201868,78,-28.826059189999995,644,12550,15.01098753452301,0.0003,-1.3984581410884858,18.02619707107544,0.03671393550932407,0.08565989,-186.172542
273.6,658,202684,79,-42.39024053,648,12600,12.202085967063903,0.0003,-1.178855435922742,18.473275718688964,0.03644726648926735,,
294.69,660,206244,84,-44.59468523,652,12800,19.78946708679199,0.0003,-0.9898104783892632,19.44249683380127,0.03541178993880749,0.116656154,-470.67486019999996
317.32,659,210104,90,-41.963238960000005,656,13050,12.178873047828674,0.0003,-0.9436282500624656,19.706437644958495,0.0344671918451786,0.10969507,-470.67486019999996
334.74,660,211180,91,-43.08945183,660,13100,22.88896016597748,0.0003,-0.8010810592770576,20.417003173828125,0.03426462598145008,,
342.77,657,212408,94,-48.32927583,664,13200,12.449786372184754,0.0003,-0.4776152715086937,20.155842742919923,0.03395974338054657,0.112247765,-470.67486019999996
346.98,656,213964,96,-50.39944138,668,13300,14.274195079803468,0.0003,-0.5731660801172257,21.235154266357423,0.033799704313278195,,
353.22,656,216140,100,-57.34608210999999,672,13450,19.370636763572694,0.0003,-0.3996016411483288,20.94378255844116,0.033585126027464864,0.12697014,-470.67486019999996
378.42,659,219612,104,-63.814451479999995,676,13650,13.787373809814452,0.0003,0.5631592106074095,22.05840171813965,0.033611508011817934,,
385.53,661,220596,106,-64.82206002999999,680,13700,12.929330234527589,0.0003,-0.26652308709919453,22.184346809387208,0.033725560680031776,0.1310297,-470.67486019999996
389.9,659,222796,109,-73.7355445,684,13850,18.62860686302185,0.0003,-0.056084302626550196,22.87909351348877,0.03367187641561031,,
401.24,658,225780,114,-75.80070319,688,14050,13.96923104763031,0.0003,0.4691693906486034,23.539793930053712,0.03384409621357918,0.14502366,-470.67486019999996
423.73,667,227692,115,-74.61607364000001,692,14150,16.02635465145111,0.0003,0.8351740218698979,23.64411865234375,0.03421327717602253,,
442.91,681,231108,118,-76.64219525,696,14350,17.990242562294007,0.0003,0.2643927425146103,25.072758293151857,0.034848137721419335,0.1451623,-470.67486019999996
462.54,691,234456,121,-73.61816318,700,14600,23.01943694591522,0.0003,2.4509178256988524,25.900861015319823,0.03618322692811489,0.14857545,-470.67486019999996
478.87,699,235996,122,-73.88947365999998,704,14650,15.351440734863282,0.0003,1.4209271610528231,25.882535018920898,0.03719748571515083,,
487.58,704,237836,124,-70.66402364999998,708,14800,19.052739601135254,0.0003,0.6477041077613831,27.046293716430664,0.03828471451997757,0.14781584,-470.67486019999996
505.6,717,241608,127,-70.75902679,712,15050,11.2670428276062,0.0003,0.5931442596763372,28.184661827087403,0.03962764509022236,0.1441406,-470.67486019999996
527.64,724,243088,128,-66.67756474999999,716,15100,17.59702386856079,0.0003,1.228995563313365,27.882256660461426,0.039941143989562986,,
540.97,731,245840,130,-65.68385935,720,15300,12.828434138298034,0.0003,1.4077452211081982,28.67478328704834,0.04270551070570946,0.13914701,-470.67486019999996
554.43,739,248204,132,-60.324270219999995,724,15450,13.304699759483338,0.0003,1.6736694490909576,29.363393173217773,0.04510495476424694,0.13678722,-470.67486019999996
560.28,743,249392,133,-56.06194100999999,728,15500,26.8248735332489,0.0003,1.9408203774690629,29.628563232421875,0.04580035299062729,,
556.97,748,251316,134,-50.99525564,732,15650,15.71853865146637,0.0003,1.1134456187486648,28.89965763092041,0.047769349291920664,,
557.81,759,254396,136,-50.90940125999999,736,15800,16.06070010185242,0.0003,1.1641474391520024,28.305794258117675,0.04934727221727371,0.13387057,-470.67486019999996
570.79,765,257068,139,-50.32013970999999,740,16000,8.355830354690552,0.0003,0.8082232891023159,28.43847827911377,0.051497242599725726,0.13282372,-470.67486019999996
577.05,774,259844,141,-36.96611568,744,16150,15.563767323493957,0.0003,0.722195385247469,28.19643787384033,0.052764077559113505,,
598.2,781,262840,143,-21.020379029999994,748,16350,19.895850791931153,0.0003,0.24892870165407657,28.526445388793945,0.0538601341843605,0.11612716,-381.1837636
596.17,787,265148,145,-16.306153700000003,752,16500,21.268694252967833,0.0003,0.8804207180440425,28.63021774291992,0.05454138584434986,0.090363435,-188.2263898
595.75,795,268364,148,-13.469896739999992,756,16700,15.620366721153259,0.0003,0.11899120420217514,29.021884422302247,0.05577655479311943,0.08878329,-182.0089238
604.71,800,270756,150,-11.212677019999996,760,16850,14.71892119884491,0.0003,-0.3994543540477753,28.9893395614624,0.055508134216070176,,
621.76,809,274520,153,-4.382656560000004,764,17100,12.755854873657226,0.0003,-0.6229556201398373,28.296722526550294,0.054294741898775103,0.086567715,-182.0089238
644.3,818,278520,156,0.5103036599999987,768,17350,13.148216140270232,0.0003,-0.4220728550851345,27.856587753295898,0.05249327011406422,0.074695066,-182.0089238
662.63,827,282520,159,2.466278019999999,772,17600,17.15022053003311,0.0003,-0.5486131903529167,27.65228401184082,0.051091881021857265,0.06379741,-182.0089238
664.71,835,286520,162,6.147037489999997,776,17850,10.4082830119133,0.0003,-0.7314010682702065,26.912156372070314,0.04949620626866817,0.06224072,-182.0089238
688.18,844,290044,165,9.84274129,780,18050,16.74796581029892,0.0003,-0.7666054323315621,27.22372989654541,0.047404472455382346,0.054713823,-175.547728
710.1,852,294044,168,13.647448769999999,784,18300,15.491190102100372,0.0003,-0.5662110590189695,26.769294662475588,0.04497838355600834,0.04960865,-175.547728
731.09,854,298044,172,16.02749038,788,18550,17.57528563976288,0.0003,-0.22040825307369233,26.256832885742188,0.04308690823614597,0.038028643,-172.16459779999997
722.9,230,300864,0,21.70964217,792,18750,17.496482844352723,0.0003,-0.6653708163648844,25.72350399017334,0.04165094472467899,0.03541345,-172.16459779999997
693.76,475,301208,0,2.2320965400000032,796,,,,,,,,
667.14,618,301540,1,-25.781458139999994,800,,,,,,,,
647.16,427,302020,2,-33.06283282,804,18800,14.038897440433502,0.0003,-0.6049676332622766,26.350646133422853,0.04129630260169506,,
635.8,418,302480,4,-37.31464912999999,808,18850,11.236909961700439,0.0003,-0.18316363900899887,26.487214584350586,0.04107314519584179,,
617.76,533,303192,4,-37.50863584,812,,,,,,,,
596.08,546,303840,5,-41.28594330999999,816,18900,10.162673561573028,0.0003,0.16937155850231647,26.495657539367677,0.041042062789201736,,
581.54,557,304628,6,-41.42493752,820,18950,10.522560443878174,0.0003,0.11466321051120758,26.533864974975586,0.04114411130547523,0.09315836,-754.3660294
564.75,555,305344,8,-48.015831829999996,824,19000,10.61294516324997,0.0003,-0.07126538187265397,26.165689010620117,0.04111576318740845,,
553.91,572,306320,9,-55.81031221,828,19050,16.090641226768494,0.0003,0.14899586796760558,26.703268241882324,0.04112177163362503,,
544.86,573,307140,11,-64.71140922999999,832,19100,16.383668310642243,0.0003,0.05639707282185555,26.403108711242677,0.04113413751125336,,
529.64,553,308248,13,-69.39445400000001,836,19200,9.88215802192688,0.0003,-0.03782681837677956,26.471807327270508,0.04157645843923092,0.10227895,-754.3660294
508.61,559,308952,14,-79.96557381999999,840,19250,16.44550193309784,0.0003,0.16978541344404222,26.831633186340333,0.04164047695696354,,
489.24,556,309652,15,-88.42109769999998,844,19300,13.365617480278015,0.0003,0.7109885175526142,26.575615844726563,0.04171297259628773,,
466.74,570,310260,16,-96.19092639,848,,,,,,,,
448.99,574,311140,17,-106.69503533000001,852,19350,9.932332723140716,0.0003,0.194951548948884,26.67424198150635,0.042202605381608006,,
426.71,572,311756,19,-118.17812886,856,19400,7.8759090614318845,0.0003,-0.16759962700307368,26.600223197937012,0.04224429428577423,,
400.54,570,312440,20,-124.72109104,860,19450,21.01621874332428,0.0003,-0.08660360775887967,26.624945602416993,0.0420851393789053,0.115819864,-754.3660294
371.98,563,312964,21,-134.75542185,864,19500,15.360908892154693,0.0003,0.184627528488636,27.117705078125,0.04212958075106144,,
345.4,571,313832,22,-143.75305623,868,19550,16.095101876258852,0.0003,-0.12864310279488564,27.108657302856447,0.04213485762476921,,
315.92,568,314552,24,-150.24771098,872,19600,10.215227062702178,0.0003,-0.18826485067605972,26.8427543258667,0.04207009479403496,,
286.9,576,315748,25,-156.96805708,876,19650,14.232543592453004,0.0003,-0.4469808927178383,26.624698219299315,0.041843333914875984,,
253.71,576,316356,26,-161.80536917,880,19700,13.923922276496887,0.0003,-0.2913795376569033,26.86520076751709,0.04160938359797001,0.1204252,-754.3660294
221.72,574,317056,28,-168.95303725999997,884,19750,10.999859037399291,0.0003,-0.4875787754356861,27.229472312927246,0.04136134773492813,,
188.61,574,317888,29,-173.99378537999996,888,19800,16.738499655723572,0.0003,-0.19916455566883087,27.57242156982422,0.041175552234053614,,
175.76,573,318712,31,-185.91476678999996,892,19850,12.914191327095033,0.0003,0.8758496423065663,27.388177947998045,0.04135556131601334,,
183.21,578,319724,32,-171.34694345000003,896,19900,11.933528134822845,0.0003,0.10100672461092472,27.483014335632323,0.041630249693989756,,
187.39,580,320492,33,-148.23719183,900,19950,11.28984497308731,0.0003,-0.5539536794275045,27.239109268188475,0.041525987163186076,0.109644726,-635.6927638
191.47,579,321092,35,-145.18222219,904,20000,9.782617135047913,0.0003,-0.1478579494357109,27.24474380493164,0.04127219595015049,,
197.67,573,322476,37,-147.88270194000003,908,20100,15.597304706573487,0.0003,-0.29609007701277734,27.116459579467772,0.04117816731333732,,
203.37,581,323760,39,-151.69916207,912,20150,10.52006136417389,0.0003,-0.45979213774204253,27.674489936828614,0.04088396415114403,,
206.7,578,324928,41,-157.10806981999997,916,20250,17.170713562965393,0.0003,-0.28356983527541163,27.260228042602538,0.040523932576179506,0.074583404,-254.06640340000004
210.73,584,326064,43,-162.17799194,920,20300,14.937211227416991,0.0003,-0.03199050890281797,27.801887168884278,0.04023197807371617,,
211.34,584,326840,44,-163.3434879,924,20350,12.650309903621674,0.0003,-0.7923906493186951,27.43851505279541,0.040065966993570325,,
214.54,589,327820,45,-165.98354134000002,928,20400,11.272456769943238,0.0003,-0.7542045745253563,28.067050399780275,0.03955885611474514,,
215.59,583,328836,48,-168.13895211,932,20500,16.750603046417236,0.0003,-0.5298822265863419,27.80949752807617,0.03896340660750866,0.068725206,-254.06640340000004
215.47,581,329608,49,-169.17134174,936,20550,11.813503029346466,0.0003,-0.5779644721746444,28.16898422241211,0.03861780047416687,,
216.63,586,330888,51,-170.34150114,940,20600,9.84956057548523,0.0003,-0.6897743192315101,28.126586723327637,0.03824155487120152,,
222.41,589,331864,52,-170.66182820000003,944,20650,10.814531481266021,0.0003,-0.23348240703344345,27.60376262664795,0.03792842738330364,,
234.9,598,335164,57,-167.82705676999998,948,20850,14.336113748550416,0.0003,-0.31731727309525015,28.635779190063477,0.03687584340572357,0.06959382,-254.26806840000003
266.07,612,339164,62,-161.61855601,952,21100,7.356822805404663,0.0003,-0.8826026302576065,28.39625690460205,0.03547502167522907,0.06847027,-254.26806840000003
300.27,629,343164,67,-156.30885313000002,956,21350,14.306461272239686,0.0003,-0.24906389199197293,28.73551887512207,0.03406770147383213,0.06480922,-254.26806840000003
334.09,656,347164,70,-150.34849935999998,960,21600,16.10746527671814,0.0003,0.08902529008686542,28.665898895263673,0.034076675027608874,0.06438641,-254.26806840000003
367.49,681,351164,73,-143.94185103999996,964,21850,14.550671865940094,0.0003,-0.1485962226986885,28.98516258239746,0.032896723598241806,0.063715875,-254.26806840000003
399.91,704,355164,77,-138.03445403,968,22100,15.163003232479095,0.0003,0.09113884951919317,29.353369903564452,0.03224129773676396,0.06308267,-254.26806840000003
431.42,726,359164,80,-131.56558388,972,22350,7.023978645801544,0.0003,-0.2131746181100607,29.436230239868163,0.03210852153599262,0.06265709,-254.26806840000003
461.88,745,363164,83,-125.30713992999999,976,22600,11.65100620508194,0.0003,-0.2562758257985115,29.677598342895507,0.03140506066381931,0.06262943,-254.26806840000003
485.89,754,365792,86,-117.37822423,980,22800,7.747647573947907,0.0003,-0.033540180325508116,30.10678634643555,0.030877355858683585,0.06055454,-254.26806840000003
517.88,772,369792,89,-111.10489709,984,23050,10.348873722553254,0.0003,-0.14485644206404685,30.145693321228027,0.03040950361639261,0.05408014,-254.26806840000003
550.99,788,373792,92,-105.05269016,988,23300,10.666325838565827,0.0003,0.43004089772701265,30.289398307800294,0.030742522180080414,0.050911166,-226.98828440000003
581.93,803,377792,95,-100.41968168999998,992,23550,6.988989779949188,0.0003,-0.021768619939684868,30.326809921264648,0.030595716461539267,0.049282063,-221.041669
610.94,818,381792,98,-94.66400661,996,23800,3.1016825246810913,0.0003,-0.5198222169280052,30.572811431884766,0.029191381074488165,0.047446817,-221.041669
643.35,831,385792,102,-90.00626552999998,1000,24050,5.9904837012290955,0.0003,-0.07578568041324615,30.305581283569335,0.02842807848006487,0.047067307,-221.041669
659.8,844,389792,105,-85.52862566,1004,24300,5.074704933166504,0.0003,1.5943720155954362,30.77335708618164,0.028377063274383545,0.05177908,-215.65294480000003
688.91,856,393792,108,-78.93923333,1008,24550,3.4984485363960265,0.0003,-0.13855302646756174,30.68636745452881,0.02873384363949299,0.049339846,-215.65294480000003
717.22,866,397792,111,-72.16590417,1012,24800,6.405890357494354,0.0003,-0.5469414089620114,31.094565544128418,0.028234964571893215,0.048462477,-215.65294480000003
744.27,874,400676,114,-65.89840843,1016,24950,9.15598183631897,0.0003,-0.3896869056671858,30.613118171691895,0.02749595619738102,0.047833897,-212.3317266
772.56,882,404676,117,-60.11515983,1020,25200,5.034294152259827,0.0003,-0.16589198425412177,30.26086399078369,0.026738866455852984,0.047340706,-208.6044106
798.58,884,406532,119,-55.44583634000001,1024,25350,2.049899363517761,0.0003,0.1268278731405735,29.28398811340332,0.026233522705733776,,
799.74,888,408100,120,-54.97663765000002,1028,25450,3.8127022123336793,0.0003,-0.6428081606328487,29.21919940948486,0.025923892818391324,0.041338295,-205.75116739999999
816.64,893,411196,123,-50.76594185000001,1032,25600,2.9318016600608825,0.0003,-0.4048383316397667,28.48406982421875,0.02538296699523926,,
827.65,891,412604,125,-48.78089485999999,1036,25700,3.985800404548645,0.0003,-0.27592979326844214,27.868267440795897,0.024992228373885154,0.042219747,-209.994753
844.07,893,416604,129,-44.10434711,1040,25950,5.177557694911957,0.0003,0.45389607071876525,26.968681106567384,0.0253323158621788,0.0425679,-190.8777386
856.32,891,417888,131,-39.988924999999995,1044,26050,4.946068277359009,0.0003,-0.17076648145914078,26.50897350311279,0.025535336807370187,,
869.2,891,421888,135,-38.17391854,1048,26300,3.201591958999634,0.0003,-0.2798854021728039,25.67112293243408,0.025426122322678567,0.04032275,-181.045958
849.0,891,424140,138,-42.8719081,1052,26450,2.4424025201797486,0.0003,-0.23872244954109192,25.231159210205078,0.02522648498415947,0.041391436,-194.57095139999998
843.42,892,427564,142,-43.16370965,1056,26650,2.7038507437705994,0.0003,0.09738510012626649,24.836053161621095,0.02499313198029995,,
843.42,893,431564,146,-43.471511680000006,1060,26900,1.7672744178771973,0.0003,-0.3536900450289249,23.805322952270508,0.024952597692608835,0.044263586,-194.57095139999998
843.42,893,435564,150,-43.91079339000001,1064,27150,3.093644120693207,0.0003,0.07576472580432891,23.553975944519042,0.02463189750909805,0.04416429,-194.57095139999998
836.61,894,438028,153,-45.053005109999994,1068,27300,2.3382423162460326,0.0003,0.011415120996534824,23.18896472930908,0.02444234523922205,0.044526186,-194.57095139999998
821.6,896,441416,156,-47.451271070000004,1072,27500,1.9038613033294678,0.0003,-0.08879680782556534,22.78730312347412,0.024287936016917228,0.04647876,-199.041021
816.03,896,445416,161,-49.21071546000001,1076,27750,1.3996989572048186,0.0003,-0.27683712244033815,22.99319122314453,0.023509866781532763,0.04978181,-202.304105
826.4,897,449416,165,-53.55814588000001,1080,28000,3.0535425078868865,0.0003,0.22169966362416743,22.728671150207518,0.022788024246692656,0.049436416,-202.304105
826.4,4261,451788,0,-52.48900553000001,1084,28150,1.764014674425125,0.0003,-0.5241019493341446,22.445660247802735,0.02253354411572218,,
826.4,1370,455788,3,-51.03921091,1088,28400,3.141368497610092,0.0003,-0.28336749963462354,22.50529899597168,0.022102733552455903,0.04946082,-202.304105
822.51,1261,459788,6,-52.75258178,1092,28650,1.3030646646022797,0.0003,-0.52574991568923,22.365492095947264,0.021414943896234037,0.048793968,-202.304105
815.85,1241,461972,8,-53.18258968999999,1096,28800,2.0325471889972686,0.0003,-0.02856477215886116,22.088524856567382,0.021619518846273424,0.048442107,-202.304105
815.85,1244,465972,11,-53.382596559999996,1100,29050,3.2040816712379456,0.0003,-0.08060847528278828,21.98495819091797,0.021505007110536097,0.048141703,-202.304105
831.19,1241,469972,15,-52.542258999999994,1104,29300,2.9784969687461853,0.0003,0.20415388703346252,21.90216552734375,0.021708738692104816,0.047637887,-202.304105
831.19,1243,473972,18,-53.70943475999999,1108,29550,1.8166724622249604,0.0003,-0.39024430096149443,21.87271629333496,0.02142060615122318,0.04062922,-202.304105
831.19,1245,477972,21,-55.44127873,1112,29800,1.179056226015091,0.0003,-0.30983029715716837,21.564726600646974,0.021032374501228333,0.040596366,-202.304105
830.46,1257,480764,23,-56.714045209999995,1116,29950,2.828999710083008,0.0003,0.6184495604038238,21.489315032958984,0.02093654815107584,0.040437795,-202.304105
826.19,1252,484764,26,-58.99405014,1120,30200,4.031450085639953,0.0003,0.4994907882809639,21.607857360839844,0.020802970565855502,0.040549964,-202.304105
827.08,1250,488764,30,-60.772482880000005,1124,30450,2.6660910093784334,0.0003,-0.2558692232146859,21.512024154663084,0.02104806959629059,0.04167003,-202.3249798
845.06,1244,490920,31,-58.12658081000001,1128,30600,2.2227264928817747,0.0003,0.08700748629868031,21.600232849121095,0.021390316337347032,,
844.39,1244,494080,34,-60.99263785,1132,30800,2.2815741074085234,0.0003,-0.2783647784590721,21.787988586425783,0.021305340491235256,0.041156072,-195.7018768
857.23,1244,498080,37,-61.163397409999995,1136,31050,4.103274638652802,0.0003,-0.25056234836578367,22.05875461578369,0.02072497773915529,0.039433587,-218.2129282
866.06,1238,500172,39,-61.47120887,1140,31200,3.079668412208557,0.0003,0.14469703227281572,22.256196327209473,0.020402586869895458,0.03626053,-218.2129282
872.66,1239,504172,42,-63.04300706000001,1144,31450,3.351180338859558,0.0003,0.0015528038144111632,22.16646209716797,0.019857998825609683,0.039222654,-220.3079878
875.5,1246,507812,45,-63.73317838999999,1148,31650,2.1780942773818968,0.0003,-0.20930835977196693,22.480177116394042,0.019430630430579184,,
886.37,1240,510600,47,-61.75897391999999,1152,31850,3.612183847427368,0.0003,-0.5149012149870396,22.39397705078125,0.018979823850095272,0.03967855,-220.3079878
872.88,1239,514472,51,-63.68477333999999,1156,32100,1.8673621559143065,0.0003,-0.4953391145169735,21.95083927154541,0.018344095461070537,0.03683988,-217.9877
872.88,1240,518472,54,-63.18251939999999,1160,32350,1.79991783618927,0.0003,-0.35431884035468103,21.90835189819336,0.017876768931746483,0.03769987,-220.24955300000002
867.75,1246,520548,55,-63.62830787,1164,32450,2.1371659886837007,0.0003,-0.3349070028960705,21.856033935546876,0.017953863255679606,0.03752895,-220.24955300000002
870.01,1244,524548,58,-64.44313473999999,1168,32700,1.5212131106853486,0.0003,-0.5624174131453037,21.864009666442872,0.017545873448252678,0.0403712,-220.24955300000002
877.37,1245,527148,60,-65.37320758,1172,32850,2.444101527929306,0.0003,-0.5038193819671869,22.252775230407714,0.017147661894559862,,
870.89,1236,529656,63,-68.89597643999998,1176,33050,2.132394840717316,0.0003,0.5351480859518051,22.43958435058594,0.01674208354204893,0.038950514,-226.66928120000003
865.22,1241,533468,66,-72.27433656,1180,33250,2.2446517050266266,0.0003,-0.19268701761960982,22.596993446350098,0.016306427679955958,0.0402427,-229.06112779999998
865.22,1241,537468,69,-73.69498641999999,1184,33500,2.883357049226761,0.0003,0.00966064877808094,22.34450180053711,0.016051876768469812,0.04197056,-229.06112779999998
865.22,1241,541468,72,-75.17397355000001,1188,33750,1.9607332730293274,0.0003,-0.17349493123590945,22.481021881103516,0.016091947704553605,0.04221244,-229.06112779999998
856.52,1240,543876,74,-78.00648783999999,1192,33900,2.6543199801445008,0.0003,0.19915940821170808,22.32826084136963,0.01605841901153326,,
857.89,1239,547876,78,-80.70769907,1196,34150,1.8863507652282714,0.0003,-0.3556473555415869,22.46421527862549,0.016028505228459836,0.042868007,-234.401322
857.89,1239,551876,81,-78.45474303,1200,34400,2.7809705865383147,0.0003,-0.8847139197587967,22.61978786468506,0.015662778243422507,0.044185787,-237.60032099999998
857.89,1239,555876,84,-79.29809871,1204,34650,3.1887393403053284,0.0003,-0.08873253040015698,22.37335231781006,0.015349836088716984,0.044872813,-237.60032099999998
857.89,1238,559876,87,-79.70482289,1208,34900,2.370249470472336,0.0003,0.6730277259647847,22.300327491760253,0.016001025065779686,0.046415213,-237.60032099999998
857.89,1237,563876,91,-79.39688016000002,1212,35150,1.6994793033599853,0.0003,1.084047572016716,22.457673110961913,0.016437132880091666,0.047786072,-237.60032099999998
855.81,1234,566660,93,-77.99109731,1216,35350,2.5995430624485016,0.0003,0.6251168410480022,22.48235942840576,0.016897463724017143,0.048729267,-237.60032099999998
846.43,1236,569492,95,-75.74697737000001,1220,35500,2.516767510175705,0.0003,0.3054486797749996,22.609983062744142,0.017200660966336725,0.051961526,-237.60032099999998
850.9,1237,573492,98,-75.61469306,1224,35750,2.0550266313552856,0.0003,0.47081557482481,22.28071880340576,0.017702469639480113,0.05275489,-237.60032099999998
851.01,1238,577468,101,-74.18104416999999,1228,36000,2.9796908605098724,0.0003,0.7137118428945541,22.655953826904298,0.01864415589720011,0.053810284,-237.60032099999998
858.62,1233,580028,104,-70.21802697000001,1232,36200,4.164636707305908,0.0003,0.02264400579035282,22.263441886901855,0.018666446954011918,0.052065328,-237.60032099999998
866.5,1233,584028,107,-67.26187119,1236,36450,2.8754712104797364,0.0003,-0.10034300543367863,22.743548889160156,0.018836172446608544,0.050754305,-230.07375860000002
872.17,1233,588028,110,-66.47050841,1240,36700,1.7964165830612182,0.0003,-0.21870181031525135,22.239559478759766,0.018661843985319136,0.049544603,-230.07375860000002
880.39,1233,592028,114,-64.67977012,1244,36950,4.575809551477432,0.0003,0.27601557344198224,22.090540084838867,0.018508848063647748,0.04740257,-230.07375860000002
880.03,1234,596028,117,-65.27767545,1248,37200,3.7746366226673125,0.0003,-0.21064604550600052,22.036350746154785,0.019175744988024233,0.04725453,-237.29169860000002
885.81,1234,600028,120,-60.43847756,1252,37450,2.7255492639541625,0.0003,1.1989509554207325,22.060002326965332,0.01910738702863455,0.047114674,-237.29169860000002
904.88,1188,602436,0,-57.13445500000001,1256,37600,3.7234098434448244,0.0003,0.17672837540507316,21.55828514099121,0.019510849229991436,,
904.88,1186,606436,4,-57.06859785,1260,37850,2.507981719970703,0.0003,-0.1710859164595604,21.608601455688476,0.018943613804876806,0.046528388,-237.29169860000002
910.01,1193,610436,7,-56.693794860000004,1264,38100,2.280664758682251,0.0003,0.2627809427678585,21.197758903503416,0.01893743433058262,0.045982286,-237.29169860000002
914.56,1201,614436,10,-56.25218398,1268,38350,2.363953849077225,0.0003,-0.430486224591732,21.228235511779786,0.018492904677987098,0.041693486,-237.29169860000002
922.21,1205,618436,13,-54.93840470000001,1272,38600,2.6501592898368838,0.0003,-0.3536911800503731,21.03135540008545,0.018291514962911606,0.04171738,-237.29169860000002
934.26,1213,622436,17,-50.17336944000001,1276,38850,3.6316199588775633,0.0003,1.5332030660659075,21.032464752197267,0.018185994625091552,0.039973687,-234.4108018
939.93,1220,626436,20,-47.53800300999999,1280,39100,2.4702965033054354,0.0003,0.43737960666418074,20.500847702026366,0.018500890210270883,0.038378935,-231.83420960000004
939.93,1224,630436,23,-48.03443797999999,1284,39350,3.7749523437023162,0.0003,0.059925581365823745,20.24459529876709,0.018523022904992102,0.038620085,-231.83420960000004
939.93,1227,634436,26,-48.623853319999995,1288,39600,2.289667088985443,0.0003,-0.044639793336391446,20.12059455871582,0.01852118544280529,0.039466742,-231.83420960000004
952.52,1230,638436,29,-44.79515463,1292,39850,2.3487631046772,0.0003,-0.5878520801663398,20.234300804138183,0.0183531042188406,0.039439198,-231.83420960000004
957.81,1232,642436,33,-41.13276253,1296,40100,1.6986867904663085,0.0003,0.4930229318141937,20.09396270751953,0.017947117276489736,0.038480602,-210.9117416
957.81,1234,646436,36,-43.41911015999999,1300,40350,2.602049643993378,0.0003,-0.5693577994406224,19.464108085632326,0.017869938127696515,0.03711375,-177.56917040000002
957.81,1236,650436,39,-42.885601550000004,1304,40600,2.2113743901252745,0.0003,-0.10755022883415222,19.605490226745605,0.017542547658085824,0.036695853,-177.56917040000002
957.81,1237,654436,42,-42.1393775,1308,40850,1.9862929284572601,0.0003,-0.5382966357469559,19.434965133666992,0.016829247660934923,0.03541935,-177.56917040000002
957.81,1238,658436,45,-41.75273893000001,1312,41100,1.5221851289272308,0.0003,-0.11197839196771384,19.52809024810791,0.01658492285758257,0.035111234,-177.56917040000002
963.86,1239,662436,49,-42.536283700000006,1316,41350,3.6314452576637266,0.0003,-0.15371619656682015,19.23216178894043,0.016518031544983387,0.03425378,-177.56917040000002
977.51,1236,666436,52,-43.590564109999995,1320,41600,1.774487327337265,0.0003,-0.5829723098129034,19.24709285736084,0.016130517162382604,0.03192304,-177.56917040000002
977.51,1237,670436,55,-42.81607616,1324,41850,2.1117492055892946,0.0003,0.10395298928022384,19.168201789855956,0.015887308195233346,0.032052334,-177.56917040000002
985.96,1238,674436,58,-42.27491782999999,1328,42100,1.0929865694046021,0.0003,0.029648194387555123,18.96850296020508,0.015546914916485547,0.031547554,-177.56917040000002
992.16,1239,678436,61,-43.794914920000004,1332,42350,1.3527895760536195,0.0003,0.039542096331715584,18.93813236236572,0.015256109610199929,0.030852789,-139.234314
992.16,1240,682436,65,-43.28365529,1336,42600,1.5471003031730652,0.0003,0.05712815344333649,18.88728614807129,0.015104692783206702,0.03129416,-135.3883532
992.16,1241,686436,68,-43.02439301999999,1340,42850,1.209289231300354,0.0003,-0.31117546163499354,18.687866706848144,0.014917134959250688,0.031316224,-135.3883532
992.16,1241,690436,71,-43.91809077,1344,43100,0.9285633552074433,0.0003,-0.3094382080435753,18.763274040222168,0.014368570446968078,0.030854922,-135.3883532
996.45,1242,694436,74,-43.117272549999996,1348,43350,1.0453375828266145,0.0003,-0.18099308267235756,18.474676780700683,0.014041752256453037,0.029900014,-135.3883532
1000.0,1242,698436,77,-46.164679709999994,1352,43600,0.9104860806465149,0.0003,-0.5491881367564201,18.598564491271972,0.014038247019052506,0.030139668,-104.2863912
1000.0,1243,702436,81,-48.75234068,1356,43850,0.7682770073413849,0.0003,0.1237291954830289,18.653130226135254,0.013823007717728614,0.029679164,-104.2863912
1000.0,1243,706436,84,-50.98051396000001,1360,44100,0.7632914042472839,0.0003,0.015915621668100358,18.545812187194823,0.014131217040121555,0.030308994,-109.60241820000002
1000.0,1244,710436,87,-50.385794790000006,1364,44350,0.7389746129512786,0.0003,-0.35054997008293864,18.502168312072754,0.013730033729225398,0.030540677,-110.02767200000001
1000.0,1244,714436,90,-49.176343779999996,1368,44600,0.6591894882917404,0.0003,0.2382410479336977,18.46502742767334,0.013364003524184227,0.031683944,-110.02767200000001
1000.0,1244,718436,93,-48.28390204,1372,44850,0.7041929495334626,0.0003,-0.23697049662470818,18.67886562347412,0.013145139645785094,0.030840073,-108.1489452
1000.0,1245,722436,97,-50.330332870000014,1376,45100,0.724869579076767,0.0003,0.11953022971749305,18.696385307312013,0.013230179529637098,0.03095472,-108.1489452
1000.0,1245,726436,100,-50.164357689999996,1380,45350,0.6374873900413514,0.0003,0.015198747813701629,18.588543663024904,0.013490319382399321,0.031197274,-108.94084559999999
1000.0,1245,730436,103,-50.41373834,1384,45600,0.6672640436887741,0.0003,0.06340363822877407,18.64425895690918,0.013601188883185386,0.0300819,-108.94084559999999
1000.0,1245,734436,106,-50.22338922,1388,45850,0.7036873632669449,0.0003,0.22196606308221817,18.605203971862792,0.014108392409980297,0.02867834,-108.94084559999999
1000.0,1246,738436,109,-50.053006249999996,1392,46100,0.6594393002986908,0.0003,0.32795718222856524,18.48416187286377,0.014345406256616115,0.02880834,-108.94084559999999
1000.0,1246,742436,113,-51.153241769999994,1396,46350,0.6685744023323059,0.0003,0.3708695615082979,18.042090911865234,0.014892472699284554,0.027950756,-108.94084559999999
1000.0,1246,746436,116,-50.974220130000006,1400,46600,0.6502222323417663,0.0003,0.48342388682067394,18.285052795410156,0.015293152760714293,0.028090522,-108.94084559999999
1000.0,1246,750436,119,-50.356275530000005,1404,46850,0.6752746653556824,0.0003,0.12927105583250523,17.796695632934572,0.016140563301742076,0.028329168,-108.94084559999999
972.46,3011,752208,0,-54.66771661999999,1408,46950,0.65208420753479,0.0003,0.1451326771080494,17.78428150177002,0.016118826530873775,0.027755778,-108.94084559999999
935.35,3624,752504,0,-68.75181388000001,1412,,,,,,,,
898.32,3818,752784,0,-82.93427954,1416,,,,,,,,
863.66,1261,753812,1,-90.21292488,1420,47050,12.93402329325676,0.0003,1.3828922107815742,18.38150375366211,0.016504059955477716,,
829.78,1401,754292,1,-102.78255897,1424,,,,,,,,
796.21,1178,755476,2,-115.17659823999999,1428,47150,2.946150060892105,0.0003,2.0003803047537803,18.987400283813475,0.017055066116154195,,
762.32,1144,756048,3,-123.88454789,1432,47200,3.63270975112915,0.0003,0.9932571260631085,19.185008735656737,0.01738098420202732,0.0981791,-580.6738806000001
739.89,1213,757148,4,-129.29655155999998,1436,47250,6.911578203439713,0.0003,1.7811006179451943,19.433700561523438,0.017626137286424638,,
706.64,1201,757824,4,-132.99554217,1440,47300,7.011661645174026,0.0003,1.6571335047483444,19.504540061950685,0.017983642332255842,,
675.6,1258,759040,5,-131.52391158999998,1444,47350,4.100418326854705,0.0003,1.5936817814409734,19.546281394958495,0.01839161440730095,,
644.94,1177,760004,6,-133.89350885,1448,47450,2.8570389342308045,0.0003,1.5731809681653977,19.915318603515626,0.018948068432509898,0.119651444,-580.6738806000001
618.51,1207,761088,7,-128.49165949,1452,47500,3.5117349219322205,0.0003,1.1349205443263053,20.103422622680664,0.019269553013145924,,
587.17,1213,761956,8,-129.06560424000003,1456,47550,11.63699355006218,0.0003,0.6015604144334793,20.49827739715576,0.019526022598147393,,
562.24,1199,763364,9,-132.83152508,1460,47650,4.381047524213791,0.0003,0.1620921105891466,20.638327865600587,0.019712759479880333,,
532.33,1217,764416,10,-132.31255788,1464,47700,9.79545606136322,0.0003,0.3296829630434513,21.045500297546386,0.019752868227660658,0.14304635,-580.6738806000001
499.14,1202,764996,10,-134.54159532000003,1468,47750,7.2009908080101015,0.0003,1.3273413799703122,21.745767669677733,0.019950896687805652,,
465.61,1203,765804,11,-138.85507713,1472,47800,8.380435979366302,0.0003,0.7612704195082187,21.626288375854493,0.020164207182824613,,
433.3,1201,766556,12,-138.11664498000002,1476,47850,5.402951481342316,0.0003,1.193665099442005,21.960494499206543,0.020404709242284297,,
407.19,1223,768572,13,-138.24015153,1480,47950,6.274390013217926,0.0003,1.256387826949358,21.990674591064455,0.020774962417781352,0.16203994,-580.6738806000001
380.91,1223,769380,14,-132.76888137,1484,48000,6.189783761501312,0.0003,1.1994858002662658,22.368508758544923,0.021103426218032836,,
350.35,1206,770620,15,-132.19969393999997,1488,48100,15.297760033607483,0.0003,1.1664611259102822,22.788758964538573,0.02159278854727745,,
321.33,1198,771244,16,-133.50567552,1492,48150,6.2093272256851195,0.0003,2.3636358296871185,22.654612770080565,0.021922638900578023,,
291.4,1220,772556,16,-136.46570313,1496,48200,5.914472742080688,0.0003,1.330124280154705,23.187396240234374,0.022386205121874808,0.17767902,-580.6738806000001
264.02,1211,773940,18,-138.99971461,1500,48300,9.826567273139954,0.0003,1.0943899354338646,23.39218017578125,0.02315052904188633,,
236.53,1222,775028,18,-137.85652950999997,1504,48350,7.612680952548981,0.0003,1.366697753071785,23.45568981170654,0.023452478908002377,,
235.25,1203,776108,20,-135.34033256,1508,48450,10.4947696518898,0.0003,1.910592162013054,23.880822525024413,0.02420468632131815,0.19606496,-580.6738806000001
243.2,1217,777312,20,-116.8026207,1512,48500,7.441590211391449,0.0003,1.4325990411639213,23.920331077575682,0.024601388685405255,,
251.8,1219,778180,21,-105.9833359,1516,48550,12.297635066509248,0.0003,1.7328376322984695,24.450845108032226,0.02495922163128853,,
260.97,1214,779656,22,-90.14668441999999,1520,48650,12.65763030052185,0.0003,1.290240816473961,24.521906051635742,0.025875748731195927,,
266.05,1206,780968,24,-79.75675729999999,1524,48750,9.320790810585022,0.0003,1.1928660899400712,25.178152389526367,0.02675247296690941,0.1786207,-535.9091732
270.03,1219,782244,24,-63.507371979999995,1528,48800,13.508691945075988,0.0003,1.4732946348190308,25.240830841064454,0.027092614732682704,,
274.99,1212,783568,26,-49.28983621000001,1532,48900,6.801464340686798,0.0003,1.2368377427756787,25.241109924316405,0.02785547312349081,,
272.33,1221,784732,26,-43.60892737,1536,48950,7.167343444824219,0.0003,1.809259594976902,25.451527061462404,0.02820974051952362,0.13286135,-263.00081880000005
275.63,1214,786052,28,-36.9312572,1540,49050,5.209632787704468,0.0003,2.683502012491226,25.700794486999513,0.029192519523203373,,
284.18,1208,787420,29,-32.88123375,1544,49150,9.14535903930664,0.0003,1.9868378794193269,26.087275466918946,0.03027246128767729,,
291.26,1207,788948,30,-25.160911319999997,1548,49250,10.873423652648926,0.0003,2.4678178191185,26.47461971282959,0.03131729621440172,0.12179986,-255.83097180000004
289.08,1216,790196,31,-24.79789038,1552,49300,10.645404767990112,0.0003,1.8804230561852455,26.679476699829102,0.03188770517706871,,
292.04,1220,791992,32,-19.732982459999995,1556,49400,10.123494067192077,0.0003,1.5352357149124145,26.60231143951416,0.03286851584911346,,
296.2,1214,793268,33,-10.80162479,1560,49500,14.954533653259277,0.0003,2.4335694134235384,26.98716190338135,0.03382960915565491,0.102836736,-255.83097180000004
296.42,1209,793804,34,-2.90717215,1564,49550,16.34803696155548,0.0003,2.278128894865513,27.20461483001709,0.034458941891789434,,
299.94,1212,795432,35,2.1049832800000017,1568,49650,11.412810406684876,0.0003,2.427079398334026,27.42669689178467,0.03573920093476772,,
304.87,1214,796332,36,5.662433550000002,1572,49700,10.728348090648652,0.0003,2.010661855340004,27.615106048583986,0.036290043592453004,0.0849009,-248.20630839999998
307.93,1221,798244,37,8.966505890000002,1576,49800,12.247430381774903,0.0003,1.963688040971756,28.03809238433838,0.0372638301551342,,
315.05,1215,799572,39,18.44649997,1580,49900,13.925719437599183,0.0003,1.5086849952489139,27.957336349487306,0.038372878730297086,,
315.78,1209,800824,40,19.755414029999997,1584,50000,12.752238850593567,0.0003,2.076595361828804,27.615014457702635,0.03950857937335968,0.07869047,-248.20630839999998
318.86,1217,802868,41,26.41686803,1588,50100,18.57644584655762,0.0003,1.6080733516812324,27.978871269226076,0.040596907511353496,,
321.54,1218,804588,43,25.466972930000008,1592,50200,12.312216651439666,0.0003,1.3165636026859284,28.28748161315918,0.041535364910960194,0.07280272,-222.22779780000002
332.08,1215,806000,44,33.63148838,1596,50300,14.975519132614135,0.0003,1.5925735467672348,28.50171031951904,0.04238167136907577,,
332.54,1210,807284,45,41.043003639999995,1600,50400,11.990266528129577,0.0003,1.5500399249792098,28.643809776306153,0.043515711650252344,,
336.39,1213,809076,47,45.60522318,1604,50500,27.894869179725646,0.0003,2.0030283550173045,28.758904647827148,0.04473088264465332,0.061587725,-199.83874800000004
343.07,1219,811084,48,57.06458513999999,1608,50600,15.430321583747864,0.0003,1.70304525077343,29.086384468078613,0.04607648827135563,,
349.86,1217,812540,49,54.66311270999999,1612,50700,16.12811842918396,0.0003,1.3933633968234063,29.128528594970703,0.04722073674201965,0.047090814,-166.495678
350.83,1213,813852,50,57.32672415,1616,50800,16.60975341320038,0.0003,1.3519268304109573,29.099890632629396,0.04840109445154667,,
360.8,1214,816336,52,48.12299602000001,1620,50950,21.48719247817993,0.0003,1.2694298809766769,29.15629207611084,0.0501138411462307,0.045248576,-157.0679996
372.39,1215,818008,54,59.919414090000004,1624,51050,15.261825895309448,0.0003,0.876737253665924,28.96636505126953,0.05128603994846344,,
387.43,1218,821500,57,65.90922869,1628,51250,15.636071519851685,0.0003,1.3379104977846146,29.381665229797363,0.05387976326048374,0.04394631,-190.4949494
398.93,1210,823220,58,71.71035689,1632,51400,17.487664489746095,0.0003,1.1669175374507903,29.64451354980469,0.055667000859975814,,
399.83,1219,824788,59,78.80167456999999,1636,51450,17.427191820144653,0.0003,1.1807711270451546,29.5215828704834,0.05630765438079834,0.04209658,-190.4949494
420.61,1211,828072,62,84.78137511999999,1640,51700,23.874326939582826,0.0003,0.7016100205481053,29.688924140930176,0.05924602404236794,0.03991068,-190.4949494
427.68,1217,830256,64,81.14375263,1644,51800,27.64595088005066,0.0003,1.0105903707444668,29.61104663848877,0.060340224280953404,,
430.52,1211,832908,66,86.18243448,1648,52000,17.356761116981506,0.0003,0.9075342644378543,29.94692192077637,0.06298155069351197,0.037249118,-197.7999402
446.14,1218,835172,68,83.83427787000001,1652,52100,21.343782539367677,0.0003,1.0263019037246703,30.20388816833496,0.06434152364730834,,
459.66,1213,838688,71,86.81074577999999,1656,52350,30.55214777469635,0.0003,0.5903758328408003,30.072603073120117,0.0679486308991909,0.037400644,-199.2823114
470.87,1216,841360,73,84.13765146000001,1660,52500,32.770737676620485,0.0003,0.6837781021744013,30.112049865722657,0.06963651657104492,0.036245767,-208.27476900000002
489.95,1218,843968,75,78.44466728999998,1664,52650,19.04562126159668,0.0003,0.8915527808666229,30.362651329040528,0.07152138993144036,,
512.84,1218,847968,78,78.58377416,1668,52900,24.1435760307312,0.0003,0.5079340475052595,30.43507369995117,0.07474922478199005,0.035824973,-214.1413706
532.22,1215,850764,81,81.09362352000001,1672,53100,28.905805263519287,0.0003,0.6705876365303993,30.295142860412597,0.07676547273993492,0.033074163,-214.1413706
558.44,1216,854764,84,81.63,1676,53350,25.452752585411073,0.0003,0.17181881219148637,29.40337516784668,0.07847601786255837,0.029450975,-214.1413706
569.49,1217,858076,87,74.31023605,1680,53550,27.914084167480468,0.0003,-0.16615734547376632,28.361584701538085,0.07823435381054879,0.02890129,-214.1413706
593.5,1218,862076,90,69.84697612000001,1684,53800,25.71649733066559,0.0003,-0.022638475820422173,27.24688694000244,0.07736303552985191,0.029481554,-214.1413706
620.98,1219,866076,93,62.827635470000004,1688,54050,13.0996337890625,0.0003,-0.48257030624896285,26.74114528656006,0.07510693803429604,0.028738884,-214.1413706
638.5,1218,867640,94,65.47638239999999,1692,54150,23.0181906747818,0.0003,-0.40933450296521184,26.47536418914795,0.07356044307351112,,
644.56,1218,871640,98,62.45890795000001,1696,54400,21.023401198387145,0.0003,-0.5847271266579628,25.834805603027345,0.07010940581560135,0.028366614,-214.1413706
671.48,1219,875640,101,56.85955168,1700,54650,19.20330142021179,0.0003,-1.0609561842679978,24.801320724487304,0.0661168184876442,0.026457677,-214.1413706
695.12,1219,879640,104,50.40694414000001,1704,54900,18.992462358474732,0.0003,-0.530806902050972,23.65297611236572,0.06212871722877025,0.025522325,-214.1413706
717.26,1219,883640,107,40.04910045,1708,55150,11.343836598396301,0.0003,-0.4194557271897793,23.192556495666505,0.059013596177101134,0.025956756,-214.1413706
739.63,1219,887640,111,37.82590991,1712,55400,19.898370809555054,0.0003,-0.44377109557390215,22.19551887512207,0.055996728762984276,0.026490912,-214.1413706
763.55,1220,890224,113,40.81655382,1716,55550,10.269804098606109,0.0003,-0.8142287653684616,22.25798091888428,0.05427863717079163,0.024751956,-214.1413706
774.62,1220,894216,116,46.62671969000001,1720,55800,16.01608521223068,0.0003,-0.803349900841713,21.427936325073244,0.05094156689941883,0.023818256,-214.1413706
787.69,1219,898076,119,38.76326812,1724,56050,13.309945168495178,0.0003,-0.976862031519413,20.932597351074218,0.04792086161673069,0.018972127,-171.02543
802.24,1220,902076,122,27.24304156,1728,56300,6.472075679302216,0.0003,-1.3201633834838866,21.11759231567383,0.045191641375422476,0.019431423,-171.02543
795.46,3492,902708,0,14.97113998,1732,56350,11.316362473964691,0.0003,-1.4330929380655288,20.953359756469727,0.044337460026144984,,
786.84,1419,903452,0,-10.555786789999999,1736,56400,11.126710300445557,0.0003,-1.0394565308094024,21.380322189331054,0.0435820235311985,,
761.15,1751,903900,0,-31.55305469,1740,,,,,,,,
741.58,1361,904348,1,-45.36347371,1744,56450,10.196202199459076,0.0003,-0.6128772833198309,21.591044425964355,0.04296966090798378,0.095619276,-483.5918252
726.57,1524,904732,1,-69.19852061,1748,,,,,,,,
705.07,1358,905296,2,-84.90494602999999,1752,56500,10.5782253074646,0.0003,-0.5094009195268154,21.792549629211425,0.04261314176023007,,
687.15,1317,906072,2,-100.40242371000001,1756,56550,12.786432459354401,0.0003,-0.14356488838791848,21.841056480407715,0.04243261270225048,,
663.15,1291,906832,3,-110.31285737,1760,56600,7.987722001075745,0.0003,0.04936735533177852,22.13801555633545,0.042345905154943464,,
639.88,1238,907400,4,-121.56000397000001,1764,56650,14.71713883638382,0.0003,0.6740266667306423,22.600013465881347,0.042460820153355595,,
613.6,1216,908076,4,-134.34442688000001,1768,56700,8.401392800807953,0.0003,0.43121438831090925,22.52760437011719,0.042885396629571915,0.18391842,-538.0071442000001
589.53,1207,908812,5,-142.81240468,1772,56750,11.285079164505005,0.0003,0.33516069188714026,22.686637573242187,0.04320492453873157,,
558.55,1283,909412,5,-151.90580466,1776,,,,,,,,
534.77,1291,910352,6,-159.53406260999998,1780,56800,9.311085169315339,0.0003,1.639892515838146,22.91356113433838,0.043631756529212,,
506.99,1267,911836,7,-164.78673275,1784,56900,11.72694142818451,0.0003,0.22248801618814468,22.878514060974123,0.044736057221889496,,
495.43,1238,915620,10,-165.6483929,1788,57150,8.148420181274414,0.0003,-0.45209228731691836,23.181275100708007,0.045362529680132865,0.20313366,-538.0071442000001
491.94,1235,918040,12,-167.75246961999997,1792,57300,9.387140784263611,0.0003,-0.4897527381032705,23.333923683166503,0.045184246823191644,0.2059542,-538.0071442000001
505.27,1237,922040,15,-169.92922338999998,1796,57550,10.67270295381546,0.0003,-0.6833673606812954,22.834590759277344,0.04407930359244347,0.20288807,-538.0071442000001
505.27,1239,926040,19,-171.52310502,1800,57800,9.827809455394744,0.0003,-0.9896332922577858,23.50325134277344,0.04180950038135052,0.20293683,-538.0071442000001
505.27,1241,930040,22,-171.98169776999998,1804,58050,9.843844375610352,0.0003,-0.8069303795695305,23.269367904663085,0.03889034129679203,0.20275274,-538.0071442000001
505.27,1243,934040,25,-171.86688754999994,1808,58300,6.608699812889099,0.0003,-1.0624076528847217,23.56304889678955,0.03725524015724659,0.20287609,-538.0071442000001
505.27,1244,938040,28,-172.69112629,1812,58550,4.42733909368515,0.0003,-0.8353931558132172,23.243347511291503,0.03623869925737381,0.20286068,-538.0071442000001
508.81,1244,942040,31,-174.65040083000002,1816,58800,5.4173164820671085,0.0003,-0.4842927990481257,23.602498474121095,0.03506718963384628,0.20319338,-538.0071442000001
513.26,1243,946040,35,-180.96293475000002,1820,59050,4.568420069217682,0.0003,0.6936050037294627,23.134391746520997,0.034564823135733606,0.2034024,-538.0071442000001
517.4,1241,950040,38,-183.1103243,1824,59300,2.5479668021202087,0.0003,-0.4237927147746086,23.403421783447264,0.034373361840844156,0.20396519,-538.0071442000001
517.4,1239,954040,41,-180.83371349,1828,59550,2.5372576236724855,0.0003,-0.094025998711586,23.527878952026366,0.03411682523787021,0.2040677,-538.0071442000001
541.61,1236,958040,44,-179.56513879000002,1832,59800,5.766469025611878,0.0003,-0.33917061537504195,23.587663192749023,0.03347421325743198,0.1966931,-538.0071442000001
574.42,1234,962040,48,-163.14992167999998,1836,60050,3.7837062740325926,0.0003,0.1995700015872717,23.770607147216797,0.034045601934194564,0.17183298,-524.6965322
609.28,1233,966040,51,-152.85390892000004,1840,60300,4.210579090118408,0.0003,0.34137126967310905,24.175585403442383,0.03532618910074234,0.13867731,-439.202692
644.27,1232,970040,54,-139.95014348,1844,60550,2.8764505267143248,0.0003,-0.10674110777676106,24.567245178222656,0.035638744756579396,0.115637735,-435.1630242
680.02,1229,974040,58,-126.35382610000002,1848,60800,1.986371157169342,0.0003,-0.36652008920907975,24.831344451904297,0.035174134895205496,0.09182524,-392.407649
714.51,1229,978040,61,-115.08733703999998,1852,61050,3.3603573727607725,0.0003,-0.17659042075276374,25.29058979034424,0.03422148056328297,0.07081918,-332.8983792
742.62,1228,981968,64,-107.90983390000002,1856,61300,3.217687776088715,0.0003,-0.27533539056777956,25.433301391601564,0.034017877802252766,0.057056714,-309.0401988
776.18,1228,985968,68,-100.22962325000002,1860,61550,3.0563266611099245,0.0003,-0.07244468167424202,25.89072021484375,0.033932667151093485,0.04903119,-307.7906824
803.79,1229,989168,70,-94.76208687999998,1864,61750,2.3810362815856934,0.0003,-0.6718796403706073,26.243922233581543,0.0331224013119936,0.04225018,-306.5634182
831.29,1229,993112,73,-87.95181919999999,1868,62000,2.5184298872947695,0.0003,-0.16669627040624618,26.65966106414795,0.032828472331166265,0.0449533,-274.3123342
864.58,1229,997112,77,-82.77761028,1872,62250,3.028523316383362,0.0003,-0.4228313763439655,27.36752056121826,0.03213725686073303,0.040125776,-250.83338219999996
898.59,1229,1001112,80,-77.21039884,1876,62500,2.0125401997566223,0.0003,-0.5436033342778682,27.265138092041017,0.0315622616559267,0.03523639,-247.45284
930.31,1229,1005112,83,-72.37954833,1880,62750,1.4060901451110839,0.0003,-1.0508693273365497,26.5263631439209,0.030394998230040073,0.0305002,-232.53776280000002
954.32,1232,1007844,85,-71.26745811,1884,62900,1.531867312192917,0.0003,-1.2013950234651565,26.192518310546873,0.02900207169353962,,
965.88,1231,1011844,88,-71.10732573,1888,63150,1.8372964107990264,0.0003,-1.3373853187263012,25.664759674072265,0.02650682710111141,0.029427778,-232.30358260000003
966.18,1230,1014944,91,-72.56747512,1892,63350,1.509904831647873,0.0003,-1.3914926779270171,25.97878761291504,0.024673827551305295,0.02797996,-184.201014
959.2,1231,1018220,94,-75.0286047,1896,63550,1.3612641167640687,0.0003,-1.1686728125810624,26.054658012390135,0.023316482678055764,0.027080053,-191.9221914
959.2,1232,1022220,97,-74.73596997,1900,63800,1.0209191834926605,0.0003,-1.5877742421627046,26.251242637634277,0.021644556522369386,0.027542181,-200.3495928
959.2,1233,1026220,100,-75.19526181,1904,64050,1.1820496940612792,0.0003,-1.6696458286046982,26.427306938171387,0.020170409381389618,0.027712064,-200.3495928
959.2,1234,1030220,103,-76.4162081,1908,64300,1.2019873666763305,0.0003,-0.7149224177002906,26.48246337890625,0.018777141310274602,0.02742563,-200.3495928
959.2,1234,1034220,106,-76.67827005,1912,64550,1.5713384795188903,0.0003,-0.3302461059391499,26.691494865417482,0.018077151402831077,0.028299594,-200.3495928
959.2,1234,1038220,110,-79.75159595,1916,64800,1.2384283530712128,0.0003,-0.44796991169452666,26.86947093963623,0.01722670570015907,0.028640388,-200.3495928
952.84,1233,1041300,112,-80.21417307,1920,65000,1.3203933358192443,0.0003,0.14740466699004173,26.96574146270752,0.01689868550747633,0.028601576,-200.3495928
952.84,1234,1045300,115,-80.86968927999999,1924,65250,1.4347595536708833,0.0003,0.5723014235496521,27.153468551635743,0.017415566742420195,0.028817357,-200.3495928
952.84,1234,1049300,118,-82.03620699,1928,65500,2.169766285419464,0.0003,0.4925962220132351,27.566943321228027,0.01823289044201374,0.028822022,-200.3495928
952.84,1401,1054716,1,-82.56964631000001,1932,65850,1.2140754854679108,0.0003,0.3063902048766613,27.88483108520508,0.0190227672457695,0.028725538,-200.3495928
944.33,1387,1056528,2,-81.40420276,1936,65950,1.2149371194839478,0.0003,-0.20143257439136505,27.68541904449463,0.019246185570955275,0.028993,-200.3495928
926.87,1324,1059732,5,-79.84610905,1940,66150,1.509825210571289,0.0003,-0.372233272343874,27.985780448913573,0.01920756008476019,,
913.32,1297,1061388,6,-78.02225503,1944,66250,1.4277650964260102,0.0003,-0.2151004484295845,27.877316970825195,0.0188276182487607,0.03465647,-200.3495928
882.97,1295,1062256,7,-72.13873658,1948,66300,4.877677700519562,0.0003,0.5012249949574471,28.09618106842041,0.018815999627113344,,
874.1,1274,1066256,10,-70.16041181,1952,66550,3.8096171689033507,0.0003,-0.23759697794914245,27.604429397583008,0.01817063756287098,0.035318933,-200.3495928
875.38,1258,1069388,13,-65.77126856,1956,66750,1.4958679044246674,0.0003,0.5104680520296097,27.745715141296387,0.018097643665969373,0.035083592,-200.3495928
875.38,1248,1073388,16,-64.09861638,1960,67000,1.579261610507965,0.0003,-0.1714788191765547,27.087186431884767,0.017995913550257682,0.0349638,-193.2237762
867.11,1238,1076404,19,-61.61135101,1964,67200,6.277341933250427,0.0003,1.0741398947685956,27.202689437866212,0.018032482489943505,0.034873124,-196.21088079999998
847.59,1235,1077156,19,-56.004434520000004,1968,67250,3.947506844997406,0.0003,0.5355677852034568,27.522812538146972,0.018339008651673795,,
826.98,1235,1080420,22,-51.630122549999996,1972,67450,4.257608335018158,0.0003,0.08355086266994477,27.02859428405762,0.018377537056803703,0.035214778,-189.0179284
821.05,1241,1082256,23,-49.760895070000004,1976,67550,2.578299648761749,0.0003,0.7240618602931499,27.411213150024412,0.01865845613181591,,
820.81,1238,1086256,27,-47.247984620000004,1980,67800,3.630129717588425,0.0003,0.27126522406935694,27.13740894317627,0.018777121044695377,0.034097023,-189.0179284
810.77,1231,1089236,29,-39.69822534,1984,68000,2.167281424999237,0.0003,-0.129144287109375,26.724157752990724,0.018650891557335854,0.035480786,-189.0179284
810.77,1231,1093236,32,-40.111937340000004,1988,68250,5.066876740455627,0.0003,0.22332426637411118,26.49603458404541,0.019173307605087758,0.03198866,-186.36284400000002
822.78,1232,1097236,36,-37.115177380000006,1992,68500,4.911933044195175,0.0003,-0.17488917976617813,26.12558353424072,0.018954955413937567,0.031636193,-186.36284400000002
819.1,1238,1099932,38,-31.802085459999994,1996,68650,3.908488929271698,0.0003,0.08174489185214043,25.927237815856934,0.019326599687337874,,
810.26,1236,1103792,41,-29.55571872,2000,68900,2.0461668086051943,0.0003,-0.18256909251213074,26.193094177246095,0.019269279018044472,0.03130584,-168.59630020000003
810.26,1236,1107792,44,-28.328997060000003,2004,69150,7.4211802530288695,0.0003,0.518533084243536,25.598524475097655,0.019166037924587726,0.031105448,-168.59630020000003
801.27,1236,1111084,47,-25.095854629999998,2008,69350,2.9406216621398924,0.0003,0.30363587304949763,24.816107482910155,0.019238987602293492,0.03168156,-168.59630020000003
801.27,1234,1115084,50,-22.939733379999996,2012,69600,4.449880499839782,0.0003,0.4246856710314751,25.06802890777588,0.01923429299145937,0.03173986,-168.59630020000003
796.75,1233,1119084,53,-17.37415347,2016,69850,8.129787304401397,0.0003,0.11214429676532746,24.34811626434326,0.019338442869484426,0.030856127,-168.05468080000003
803.11,1232,1123084,57,-13.94700412,2020,70100,3.585298330783844,0.0003,0.128854161798954,24.057728958129882,0.01952797409147024,0.03076281,-168.05468080000003
799.2,1233,1126368,59,-6.875031429999999,2024,70300,6.227678120136261,0.0003,-0.11406631872057915,23.5898180770874,0.019429576881229878,0.030831654,-158.59693280000002
791.34,1227,1128196,61,-3.2966538699999983,2028,70450,6.220400702953339,0.0003,0.41878349721431735,23.570040550231933,0.019443933963775636,0.031676527,-158.59693280000002
791.34,1228,1132196,64,-1.62826976,2032,70700,4.392675259113312,0.0003,0.22515544444322586,23.189934768676757,0.01986303485929966,0.03159904,-157.6708902
782.23,1234,1135892,67,4.162142649999999,2036,70900,4.620463783740997,0.0003,0.07484878480434418,22.92080966949463,0.020273441448807716,,
797.32,1234,1139892,70,8.56051565,2040,71150,6.2642215466499325,0.0003,0.5618514789640904,22.064744071960448,0.021016038991510867,0.030252831,-151.718318
807.29,1228,1143244,73,12.631550299999999,2044,71400,3.5662356352806093,0.0003,0.03813153484836221,21.920748672485352,0.021465921439230443,0.026106525,-124.37792160000001
836.98,1229,1147244,76,10.252048249999998,2048,71650,4.670946323871613,0.0003,0.343102969378233,21.977361106872557,0.02186274152249098,0.026400095,-108.70398580000001
841.99,1235,1150316,78,12.243991059999999,2052,71800,11.705776875019074,0.0003,0.6744902820885181,21.194202423095703,0.022197445519268513,0.02512719,-108.70398580000001
831.89,1234,1152648,80,17.60718953,2056,71950,6.3571896696090695,0.0003,0.11507872849702835,21.16604835510254,0.02292761467397213,0.0255835,-108.4260452
827.62,1230,1156044,83,21.950554009999998,2060,72200,6.484876227378845,0.0003,0.421411874294281,21.021087074279784,0.023388426341116427,0.026691137,-108.4260452
842.16,1230,1160044,87,25.09497778,2064,72450,4.908237926959991,0.0003,0.09580912388861179,20.704691314697264,0.024181898422539233,0.02613288,-77.8432572
852.45,1233,1162108,88,27.440917749999997,2068,72550,5.227751286029815,0.0003,0.10550283730030059,20.642725677490233,0.024183357395231725,,
862.55,1232,1166108,91,28.61166234,2072,72800,6.752757222652435,0.0003,0.1542240008711815,20.498035774230956,0.024463921301066876,0.022606222,-77.8432572
866.47,1230,1169896,95,31.708083230000003,2076,73050,4.0331701254844665,0.0003,0.13956067964434624,20.82611373901367,0.024549377746880055,0.02239219,-73.8380088
866.71,1229,1173896,98,31.093662159999997,2080,73300,6.298183002471924,0.0003,0.200016445890069,20.810732421875,0.024611887484788895,0.022426939,-69.8532158
880.25,1229,1177896,101,28.40615429,2084,73550,5.527350633144379,0.0003,0.12084496900439262,20.903628845214843,0.024694833233952523,0.021381397,-69.8532158
875.45,1229,1181084,104,33.56605073,2088,73750,5.403142066001892,0.0003,0.2788472244888544,20.734669189453125,0.02500358782708645,0.021390218,-63.397839
875.45,1229,1185084,107,36.27473885,2092,74000,5.925674674510955,0.0003,-0.11315277241170406,20.519054374694825,0.024623468443751337,0.020952322,-61.9244188
886.11,1230,1189084,110,35.00234253000001,2096,74250,4.63571914434433,0.0003,-0.32214639365673065,20.372381858825683,0.024058675169944765,0.02012984,-61.9244188
894.95,1230,1193084,114,36.48252624,2100,74500,4.884682714939117,0.0003,-0.3768838465213776,20.59176986694336,0.023877251632511615,0.020463333,-61.9244188
894.95,1229,1197084,117,38.01814563,2104,74750,5.652024054527283,0.0003,0.19920302391052247,20.48545440673828,0.023797040432691575,0.020157421,-60.785858399999995
903.94,1229,1201084,120,37.71136869,2108,75000,4.10239226102829,0.0003,0.162892127931118,20.6401220703125,0.024627378582954405,0.020107314,-60.785858399999995
903.94,1518,1204420,0,38.91111463,2112,75200,5.318905262947083,0.0003,0.07600767493247985,20.752473373413086,0.024833821654319764,0.01919288,-60.785858399999995
908.46,1183,1208420,4,36.09461242,2116,75450,4.657739644050598,0.0003,-0.08367845259606838,20.810749702453613,0.02472744844853878,0.019577343,-65.08810020000001
908.46,1177,1212420,7,35.32749722,2120,75700,6.785009253025055,0.0003,-0.036837843880057335,20.371013832092284,0.025318420007824898,0.020343859,-65.08810020000001
912.37,1189,1216420,11,30.207852990000003,2124,75950,3.9246438217163084,0.0003,-0.15907403126358985,20.13739013671875,0.025662638060748578,0.020201037,-68.458361
920.23,1198,1220420,14,28.849753349999993,2128,76200,4.572582936286926,0.0003,0.08801460012793541,20.216807746887206,0.02640802077949047,0.019637603,-68.458361
920.23,1195,1224420,17,29.07290921,2132,76450,3.360633988380432,0.0003,0.07070727303624152,20.01718063354492,0.026603328473865987,0.019950323,-67.4964776
937.85,1198,1228420,21,23.59167548,2136,76700,3.4919353318214417,0.0003,0.17313562586903572,20.05784366607666,0.027000042907893658,0.019703837,-63.6999474
940.22,1199,1232420,24,20.464298260000003,2140,76950,5.221314899921417,0.0003,-0.08602428495883942,19.644185943603517,0.027276082560420037,0.0200797,-64.71360899999999
943.8,1201,1236420,27,14.66846121,2144,77200,3.341552927494049,0.0003,0.0523358915373683,19.637506217956542,0.02711032498627901,0.019677173,-66.0040336
944.46,1203,1240420,30,11.850646180000004,2148,77450,3.220622308254242,0.0003,-0.445566413551569,19.22056276321411,0.027260771282017232,0.020044701,-66.0040336
948.32,1205,1244420,34,10.255583270000004,2152,77700,2.8559844660758973,0.0003,0.06962151236832143,19.521367645263673,0.02714917331933975,0.02007532,-66.3052978
961.81,1205,1248420,37,4.255301290000002,2156,77950,3.0717155921459196,0.0003,-0.11210192896425725,19.02694242477417,0.02685052864253521,0.020094108,-66.3052978
966.08,1206,1252420,40,0.5240124200000009,2160,78200,4.517289221286774,0.0003,-0.13007427459582688,19.350862350463867,0.02636147104203701,0.018864578,-65.522355
966.08,1208,1256420,44,-1.6657709999999988,2164,78450,1.8989387249946594,0.0003,-0.0758871265500784,19.319707412719726,0.025628695003688334,0.018776165,-65.522355
980.87,1210,1260420,47,-5.416191689999998,2168,78700,2.783167369365692,0.0003,-0.0556830321252346,18.76844268798828,0.02478959746658802,0.0167724,-65.522355
991.38,1211,1264420,50,-9.29242033,2172,78950,2.065292676687241,0.0003,-0.509029949977994,19.068691940307616,0.024077846109867095,0.016221814,-65.522355
993.39,1208,1268420,53,-12.664624149999998,2176,79200,2.2744468522071837,0.0003,-0.0015363681316375732,19.018153419494627,0.023290998563170434,0.016668282,-65.522355
993.39,1209,1272420,57,-12.82653456,2180,79450,1.9294848024845124,0.0003,-0.020699366107583047,18.582201614379883,0.02287762250751257,0.016908346,-65.522355
995.2,1208,1276420,60,-13.781020849999997,2184,79700,1.7402413725852965,0.0003,-0.04909557819366455,18.743655891418456,0.022702797241508962,0.016725851,-65.522355
1000.0,1209,1280420,63,-17.30780909,2188,79950,1.5633556950092315,0.0003,-0.26189067780971526,18.55311706542969,0.02222809538245201,0.017544555,-65.522355
1000.0,1210,1284420,67,-18.8855118,2192,80200,1.7666738522052765,0.0003,-0.08411183245480061,18.573109874725343,0.02134478956460953,0.017562037,-65.522355
1000.0,1211,1288420,70,-19.42250346,2196,80450,1.4439945316314697,0.0003,0.04968589924275875,18.15290473937988,0.02079243425279856,0.017704459,-65.522355
1000.0,1212,1292420,73,-21.22647265,2200,80700,1.3309386003017425,0.0003,-0.44775802925229075,18.086112308502198,0.020268208347260952,0.017925503,-65.522355
1000.0,1213,1296420,76,-21.708494719999997,2204,80950,1.29235959649086,0.0003,-0.3500850088894367,18.029875297546386,0.019308093786239624,0.017750418,-68.90831
1000.0,1214,1300420,80,-22.62697963,2208,81200,1.048014942407608,0.0003,-0.26335132122039795,17.98452844619751,0.018720582351088522,0.017653143,-68.90831
1000.0,1214,1304420,83,-24.424600920000003,2212,81450,1.0566676926612855,0.0003,-0.18965047612786293,17.942234077453612,0.01891176152974367,0.018078404,-68.90831
1000.0,1212,1308420,86,-23.900088779999997,2216,81700,1.2798451602458953,0.0003,0.11658467203378678,17.78489330291748,0.0184301970154047,0.01789744,-65.34968540000001
1000.0,1213,1312420,90,-23.35499518,2220,81950,0.9284038662910461,0.0003,-0.18026505023241043,18.069346199035646,0.01798172738403082,0.017470771,-65.34968540000001
1000.0,1213,1316420,93,-22.544274100000006,2224,82200,0.8217616939544677,0.0003,-0.020247593075037002,18.08344352722168,0.01756599247455597,0.01744275,-62.6492758
1000.0,1214,1320420,96,-22.81063082,2228,82450,0.9543381679058075,0.0003,-0.22764322966337203,18.23962491989136,0.017261264473199846,0.016835071,-62.6492758
1000.0,1214,1324420,99,-22.97463305,2232,82700,0.746756432056427,0.0003,-0.14468335527926685,17.92458126068115,0.016622547768056394,0.016228389,-62.6492758
1000.0,1214,1328420,103,-22.743902909999996,2236,82950,0.8683536350727081,0.0003,0.07493670657277107,18.437622756958007,0.016561577580869197,0.016095925,-66.17382860000001
1000.0,1214,1332420,106,-22.723964879999997,2240,83200,0.7284132617712021,0.0003,-0.16110472351312638,18.047834548950195,0.016362970545887947,0.0155538805,-66.17382860000001
1000.0,1215,1336420,109,-22.69760301,2244,83450,0.8416668605804444,0.0003,-0.004819780178368091,18.088474578857422,0.0163227029889822,0.015615213,-65.99617760000001
1000.0,1215,1340420,112,-22.37308134,2248,83700,1.0463196861743926,0.0003,0.4533137744665146,18.240293426513674,0.016363067291676997,0.015193731,-65.99617760000001
1000.0,1216,1344420,116,-22.551347059999998,2252,83950,0.7905659157037735,0.0003,0.02228099472820759,18.284398040771485,0.01598377641290426,0.014767048,-65.36564639999999
1000.0,1217,1348420,119,-23.29794152,2256,84200,0.7754537725448608,0.0003,-0.03771129868924618,18.550682373046875,0.01663725286722183,0.015276083,-65.2591526
1000.0,1218,1352420,122,-24.80484312,2260,84450,0.7090381556749343,0.0003,-0.01111944243311882,18.665525550842286,0.016818522065877913,0.01533846,-66.0277358
998.86,1239,1356936,2,-24.97905132,2264,84750,1.5971368443965912,0.0003,0.29537650391459463,19.086962890625,0.016740860119462013,0.015438322,-70.4704284
997.58,1222,1360936,6,-25.79418581,2268,85000,1.1710595452785493,0.0003,0.08622399926185607,19.157242622375488,0.01730323404073715,0.016104555,-90.48590279999999
996.32,1228,1364936,9,-24.20493247,2272,85250,2.1925593388080595,0.0003,0.13984109789133073,19.21138256072998,0.017769692391157152,0.015727187,-90.48590279999999
994.59,1232,1368936,12,-22.801567179999996,2276,85500,1.4482591760158539,0.0003,0.4319129565358162,19.49196887969971,0.018373324759304522,0.015502435,-90.48590279999999
994.52,1234,1372936,15,-21.61786827,2280,85750,1.9959202420711517,0.0003,0.48758682563900946,19.457304763793946,0.01933451071381569,0.015803292,-90.48590279999999
993.21,1236,1376936,18,-20.861855289999994,2284,86000,1.3068238842487334,0.0003,0.4338252926617861,19.55989917755127,0.020081378370523453,0.015881062,-90.48590279999999
992.57,1236,1380936,22,-19.47068054,2288,86250,2.036430448293686,0.0003,0.29470668837428093,19.729332122802735,0.02077972047030926,0.015856612,-90.48590279999999
992.57,1237,1384936,25,-19.19153892,2292,86500,1.3074639773368835,0.0003,0.10649058163166046,19.79638683319092,0.021411341167986393,0.015979461,-90.48590279999999
990.47,1236,1388936,28,-17.244756340000002,2296,86750,1.4797102880477906,0.0003,0.12888515826314687,19.84878719329834,0.021270574666559697,0.015967809,-90.48590279999999
988.42,1240,1392444,31,-15.985957810000002,2300,86950,1.4977894866466521,0.0003,-0.13670688793063163,20.034269561767577,0.02173651661723852,0.015576587,-90.48590279999999
988.42,1239,1396444,34,-16.144416640000003,2304,87200,1.3336805069446565,0.0003,0.1612571082264185,20.00271713256836,0.02177116345614195,0.015875546,-91.6574404
988.42,1238,1400444,37,-16.036344930000002,2308,87450,1.056955269575119,0.0003,0.10023996686562896,19.983353309631347,0.021997476853430273,0.01615051,-91.6574404
988.16,1236,1404444,41,-14.34215592,2312,87700,1.5199496853351593,0.0003,-0.1623395223915577,20.318489151000975,0.0223010515794158,0.016149284,-94.2076464
985.28,1225,1408028,44,-13.417779429999998,2316,87950,2.0909204185009003,0.0003,0.21647270917892455,20.476070365905763,0.022359763383865357,0.016743207,-94.2076464
985.28,1216,1412028,48,-14.44345423,2320,88200,2.3005283784866335,0.0003,0.2112151802331209,20.636958236694337,0.02260102517902851,0.017475296,-97.666289
981.41,1223,1414896,50,-14.946915790000002,2324,88350,2.304795432090759,0.0003,-0.24159887671470642,20.297238273620607,0.02255138337612152,,
981.41,1222,1418896,53,-14.731883590000004,2328,88600,1.5434734523296356,0.0003,-0.15743947513401507,20.652617073059083,0.02239416427910328,0.01815874,-97.666289
981.41,1223,1422896,56,-13.559885070000002,2332,88850,3.6379340451955797,0.0003,-0.12289791569113731,20.923186225891115,0.022437825277447702,0.01829108,-97.666289
981.41,1223,1426896,59,-12.773950779999998,2336,89100,1.4703480392694472,0.0003,-0.3830456227809191,20.89098648071289,0.0218659657984972,0.0186646,-97.144851
981.41,1223,1430896,63,-12.754197729999998,2340,89350,4.905601822137832,0.0003,-0.11702678561210632,20.760592346191405,0.02168524943292141,0.018960113,-97.144851
981.41,1222,1434896,66,-11.067576099999998,2344,89600,1.7541488564014436,0.0003,-0.06613652266561985,20.826675148010253,0.021093126311898233,0.019162891,-97.144851
981.41,1222,1438896,69,-10.418342540000001,2348,89850,2.505142332315445,0.0003,0.10333472713828087,21.14639316558838,0.02114083096385002,0.019235414,-97.144851
980.41,1221,1442896,73,-8.161674930000002,2352,90100,1.6226487588882446,0.0003,-0.173621945977211,21.125651664733887,0.021048726700246333,0.019375853,-97.144851
976.47,1221,1446896,76,-3.2922818800000018,2356,90350,3.8467821073532105,0.0003,0.07493246346712112,21.372519073486327,0.021231759265065195,0.018722463,-97.144851
975.16,1220,1450688,79,-2.5462948799999987,2360,90600,1.2612160992622377,0.0003,-0.09420038163661956,21.790845031738282,0.02147908378392458,0.018244063,-97.144851
973.01,1221,1454688,82,0.04409357000000199,2364,90850,5.028607579469681,0.0003,0.24550025939941406,21.437117614746093,0.021356651559472084,0.018879252,-99.5615666
972.73,1221,1458688,86,1.6354521400000008,2368,91100,3.496446011066437,0.0003,0.05905784651637078,21.463742942810057,0.021389459557831288,0.01769284,-79.9178666
972.74,1222,1462688,89,3.4627896600000003,2372,91350,1.2946423041820525,0.0003,-0.1364293633401394,21.339646339416504,0.021537199765443802,0.018286198,-79.9178666
973.89,1223,1466664,92,3.7977646099999993,2376,91600,2.044826029539108,0.0003,-0.06768463432788849,21.931793670654297,0.021560563519597054,0.018418305,-79.9178666
973.96,1223,1470664,95,3.8489553600000006,2380,91850,2.1013240957260133,0.0003,-0.11289108201861381,21.533593711853026,0.021422053799033166,0.018146517,-79.9178666
975.27,1224,1474664,98,2.3473584900000013,2384,92100,4.20778731584549,0.0003,-0.3275591880083084,21.76934997558594,0.02087555605918169,0.018135304,-79.9178666
975.51,1225,1478664,102,3.484709020000001,2388,92350,3.4271618270874025,0.0003,-0.11235942259430885,21.802601509094238,0.020786539278924467,0.017168766,-79.9178666
975.49,1225,1482664,105,5.017241880000002,2392,92600,1.7616362988948822,0.0003,0.009116188138723374,22.11372325897217,0.020336518660187722,0.017203547,-79.9178666
975.67,1226,1486664,108,6.74445254,2396,92850,2.4952602589130404,0.0003,-0.15130998760461808,22.403076667785644,0.02026688653975725,0.016651444,-79.9178666
972.81,1225,1489624,111,8.91068654,2400,93050,3.763176993727684,0.0003,-0.07110681191086769,22.081567916870117,0.02024156391620636,0.01719977,-79.9178666
972.81,1225,1493624,114,9.3166362,2404,93300,0.9474870365858078,0.0003,-0.2127914858609438,22.192989807128907,0.01997633047401905,0.016900022,-76.72570859999999
972.81,1226,1497624,117,10.44215874,2408,93550,4.729906033277512,0.0003,0.3632555844634771,22.67680477142334,0.01972177840769291,0.016684107,-76.72570859999999
968.43,1230,1501524,120,13.722426310000001,2412,93750,5.085222434997559,0.0003,-0.025483034551143646,22.30392116546631,0.02045025821775198,0.016003245,-72.832549
