#{"t_start": 1768917393.0061507, "env_id": "LunarLander-v3"}
r,l,t,impact_vel
-292.055814,116,1.040924,0.7801726
-119.313221,106,1.108843,0.84958744
-287.04611,101,1.199697,1.1250408
-84.915333,82,1.791687,0.3741205
-204.30167,131,1.914559,0.891327
-553.648237,143,2.501868,1.7648549
-18.806424,125,3.077773,0.19524166
-281.24518,186,3.262174,0.66756976
32.59374,104,3.828032,1.9524469e-09
-36.52053,97,3.928366,0.3817857
-131.908178,172,4.564149,0.31495473
-226.450111,142,5.16847,0.72696644
-356.358957,412,6.502506,0.10496807
-204.503877,213,7.179234,0.020201933
-143.275169,111,7.750017,0.845972
-182.481436,203,8.415298,0.32020062
-236.740555,320,9.20191,0.35925382
-282.272895,334,10.458188,0.1069726
-182.524827,257,11.179416,0.04275208
-190.594351,171,11.812897,0.07305939
-263.354812,216,12.49094,0.04460571
-141.447421,215,13.169146,0.11335321
-211.181995,164,13.797066,0.01666692
-244.961027,189,14.448657,0.091548234
-153.505207,187,15.101003,0.009159608
-293.452158,188,15.750488,0.051496394
-254.591224,181,16.394539,0.10837708
-374.070226,181,17.037307,0.72689337
-103.570481,130,17.171254,0.50080943
-75.378906,210,17.84548,0.21970358
-133.102124,170,18.478404,0.35597134
-225.135289,245,19.646415,0.034277905
-289.11323,230,20.339584,0.018452002
-29.040423,122,20.464986,0.043510497
-244.168575,150,21.07749,0.18007202
-176.552971,244,21.78593,0.36972255
-56.034463,203,22.451134,0.29924777
-460.603449,271,23.64276,0.12790152
-147.714238,483,25.054799,0.21312918
-289.927478,509,26.931301,0.088498846
-76.553041,257,27.632867,0.2728566
-196.273545,233,28.302106,0.12590627
-138.170754,480,29.656259,0.038966358
-51.873154,1000,32.872261,0.09239925
-264.989906,703,35.361617,0.08412385
-37.754729,1000,38.567569,0.084783465
45.672188,1000,41.778636,0.01255116
-4.622293,1000,44.987272,0.0039595375
-54.821043,1000,48.189204,0.08440804
14.985961,1000,51.397492,0.008277528
-124.461198,1000,54.604525,0.1308015
-50.97616,1000,57.835571,0.1129755
-35.622,1000,61.146759,0.019992476
-15.006922,1000,64.449411,0.003422897
-26.38626,1000,67.75381,0.015153709
-32.142498,1000,71.061204,0.010348867
-14.748897,1000,74.379221,0.025119834
-35.558792,1000,77.627659,0.005052329
-9.738497,1000,80.870229,0.0010500245
-92.545398,1000,84.091073,0.0041509885
-74.74502,1000,87.309747,0.010214494
-77.076591,1000,90.75374,0.03146936
-19.523975,1000,94.065582,0.020164216
-0.756915,1000,97.370313,0.0074464916
-83.038623,1000,100.679987,0.08427625
-73.422506,1000,103.986601,0.016446998
12.84619,1000,107.297133,0.025678817
-103.979097,1000,110.60911,0.01920372
-61.821626,1000,113.923679,0.03452522
-68.181565,1000,117.230005,0.057043493
-76.794492,1000,120.525445,0.040302634
94.905012,1000,126.245619,0.06398101
75.516098,1000,129.592988,0.032733794
47.353162,1000,132.934673,0.0543885
73.681586,1000,136.222533,0.033272665
57.758848,1000,139.49581,0.010585909
79.316719,1000,142.716706,0.052272536
74.550346,1000,145.980994,0.071791306
76.587153,1000,149.285947,0.0419881
16.926352,1000,152.538757,0.07492945
61.001424,1000,155.843037,0.029662056
28.376647,1000,159.149703,0.041543894
53.843511,1000,162.452586,0.07904934
31.562783,1000,165.753772,0.009929025
113.539162,835,168.893053,0.00033817143
73.067104,1000,172.194845,0.031571575
27.782748,1000,175.495679,0.0643762
54.624872,1000,178.80058,0.058633722
20.904796,1000,182.104138,0.09552343
58.388774,1000,185.406327,0.04546877
33.653675,1000,188.710514,0.049991548
53.30804,1000,192.016952,0.049085118
69.071851,1000,195.318968,0.059977297
50.907824,1000,198.60785,0.037467655
15.52873,1000,201.903998,0.0574859
33.044813,1000,205.211399,0.011956645
41.353761,1000,208.458822,0.037862547
54.891516,1000,211.774142,0.047015857
63.725338,1000,214.989253,0.04228584
67.574306,1000,218.284096,0.05681054
74.470038,1000,221.604709,0.04127146
151.663188,932,224.33567,0.010380749
39.593413,1000,227.542068,0.048559383
50.850314,1000,230.749813,0.08876381
44.564186,1000,234.052903,0.05211837
114.343306,394,235.368236,0.07017293
16.665333,1000,238.67041,0.019570949
55.202841,1000,241.972535,0.0672725
37.105549,1000,245.275534,0.059680577
-72.004094,1000,248.782155,0.026497556
-96.427038,1000,252.162242,0.054657277
-98.270525,1000,255.431657,0.0011477763
-34.502071,1000,258.642221,0.040033538
-74.043078,1000,261.849064,0.028286492
-7.908534,1000,265.055652,0.025969476
-66.821956,1000,268.261827,0.03970962
-63.582352,1000,271.465534,0.016306454
-29.318763,1000,274.671145,0.047903158
-45.232213,1000,277.879038,0.020304041
-106.332669,1000,281.097917,0.017872967
-70.320084,1000,284.303726,0.022819811
-21.389906,1000,287.50653,0.058359023
-83.479424,1000,290.721875,0.012529809
-64.716085,1000,294.014866,0.06320485
-114.019602,126,294.588559,0.09584728
-25.110524,1000,297.795413,0.040140986
-56.69018,1000,301.029013,0.03185482
31.034535,1000,304.336763,0.035879955
-39.407454,1000,307.644039,0.031106578
-38.760006,1000,310.945721,0.037133057
-9.575862,1000,314.170635,0.016500046
-78.15916,1000,317.365857,0.040070638
-78.130186,1000,320.56195,0.00072308886
-86.660615,1000,323.760567,0.0005413849
-73.936007,1000,326.958588,0.03528609
47.404734,1000,330.158665,0.00082832074
-99.126738,1000,333.359545,0.058444813
-28.79435,1000,336.567517,0.022770066
-83.172827,1000,339.77971,0.06708503
16.335685,1000,342.98101,4.6825862e-05
4.695231,1000,346.192791,0.038702127
-35.937092,1000,349.496654,0.03554689
-41.511883,1000,352.792627,0.0054429267
-133.740174,105,352.89807,0.2604988
-14.847986,1000,356.199852,0.034786288
-30.172371,1000,359.486091,0.024270922
-12.778495,1000,362.699958,0.039383236
-51.811883,1000,365.94673,0.0034133813
14.827882,1000,369.449542,0.0010384525
54.340514,1000,372.944576,0.023982678
143.774777,291,374.182684,0.0019295347
47.143996,1000,377.449799,0.037660897
48.157024,1000,380.858593,0.02629188
10.427853,1000,384.178721,0.025131255
71.188579,264,384.883876,0.042758834
85.482978,201,385.530656,0.05977094
118.208319,138,386.120665,0.050185286
121.192613,130,386.695124,0.06567952
21.078105,1000,389.881473,0.033465344
127.831842,887,392.518281,0.008368865
159.568758,274,393.221923,0.054447684
44.108458,1000,396.467113,0.057465293
162.226944,265,397.651205,0.0329898
94.165305,1000,400.935067,0.051587496
103.480247,139,401.076333,0.0044424473
71.191714,145,401.68349,0.048392322
127.205512,144,402.291797,0.052400723
172.329251,545,404.223614,0.05301816
74.361866,1000,407.494641,0.035699937
97.924696,153,407.632816,0.12589239
133.196858,272,408.790068,0.022054749
92.933828,139,408.917355,0.071191356
-35.553551,1000,412.11465,0.05197559
115.102766,231,413.235131,0.06734421
125.668111,170,413.389338,0.11859025
189.400546,222,414.500922,0.0038295544
121.394863,269,415.200602,0.09027771
160.494783,172,415.813545,0.06053927
110.990503,138,415.939693,0.047466695
157.81525,181,416.559603,0.03111381
116.444033,120,417.124046,0.13166001
127.17592,122,417.690159,0.031646177
105.184196,144,417.826965,0.06913317
159.885995,243,418.532856,0.03372802
144.736614,240,419.694583,0.061145604
156.699481,286,420.445166,0.035402182
119.734953,152,421.059364,0.06666395
118.791624,147,421.667201,0.11463209
138.994902,162,421.832115,0.0071076173
148.971943,203,422.49692,0.05503263
99.839944,153,423.111414,0.13340475
145.393447,581,425.078136,0.11924812
123.014197,119,425.65047,0.13540302
147.434933,262,426.342572,0.032930907
170.672908,369,427.632944,0.08006803
151.985394,303,428.401665,0.060503043
160.511449,220,429.083965,0.02837357
98.71732,166,429.713196,0.09401664
112.869662,194,430.367435,0.107491955
111.27943,211,431.04064,0.10529754
133.804527,201,431.702322,0.034207173
103.745521,150,432.314979,0.006695739
166.529943,232,433.008804,0.016676446
105.893635,149,433.618124,0.12427343
150.188223,164,434.235443,0.029663552
140.58811,272,434.965817,0.108433574
118.657667,154,435.579812,0.027180826
107.593275,143,436.183732,0.115520835
152.283115,286,436.934044,0.051340453
185.493224,248,437.643775,0.03827868
127.785298,143,438.250244,0.027567197
107.87922,179,438.890004,0.036219165
144.26942,231,439.582048,0.025222832
155.681742,299,440.801777,0.04357533
118.032692,221,441.483181,0.11313097
122.5993,146,441.632331,0.015788341
121.64656,138,442.232559,0.02582121
159.671552,199,442.893362,0.017500134
173.7927,372,444.185168,0.06614346
113.667574,198,444.844327,0.10276351
101.073209,168,445.472619,0.033533506
148.8056,271,446.207065,0.08822601
153.077321,305,447.432329,0.06103164
97.161306,174,448.064615,0.102279186
110.308716,218,448.745101,0.03542621
93.15975,179,448.927059,0.030847572
81.561964,148,449.537441,0.09145176
138.335543,215,450.214351,0.022062296
161.471549,202,450.874101,0.046650708
108.905809,145,451.479014,0.018529491
128.648959,213,452.156976,0.08644987
177.175837,261,452.852363,0.022908172
166.13068,251,454.020755,0.04778781
118.554677,222,454.705276,0.01749692
112.398378,161,455.327446,0.028975783
161.892518,286,456.074857,0.041505747
133.050945,193,456.729599,0.10744764
100.87498,200,457.392081,0.07839765
144.296298,184,458.036696,0.02981993
100.17756,182,458.680798,0.028671624
150.338839,209,459.350876,0.011867659
89.002137,183,459.995427,0.09626757
97.008751,150,460.607225,0.12371944
125.654283,171,460.781077,0.01605285
100.772288,202,461.44536,0.09420981
121.213037,169,462.076037,0.027741898
164.465784,410,463.408957,0.10150981
84.606859,217,464.09046,0.07552044
137.608076,160,464.712057,0.036394153
73.121983,170,465.365113,0.027659036
145.228611,407,466.696957,0.088353224
129.145349,133,467.290221,0.058760423
95.253111,148,467.440816,0.118916415
85.606655,141,468.043118,0.1158743
152.680409,195,468.699517,0.048636615
85.094132,156,469.314868,0.00042283724
124.864628,187,469.96351,0.11194464
106.093347,208,470.633555,0.045095496
105.785767,187,471.276733,0.12504177
116.134001,298,472.037113,0.098265424
93.317995,137,472.634886,0.045461934
169.963982,200,473.295405,0.032553893
117.302977,201,473.958134,0.11544434
137.258136,267,474.687871,0.10981616
109.187376,152,475.301299,0.09963749
103.617049,134,475.894796,0.058517925
130.759885,146,476.043763,0.048660442
126.023245,226,477.190972,0.022372555
93.373732,158,477.351516,0.1111614
119.527025,217,478.489538,0.11659075
143.774376,150,478.642369,0.039359145
125.543256,118,479.220128,0.11404426
110.27142,166,479.846309,0.09972918
117.375064,133,479.981756,0.057870377
96.520802,148,480.590982,0.09522797
162.334996,170,481.220969,0.0588934
158.412851,158,481.840147,0.05293939
198.720057,229,482.530737,0.048149046
128.633974,123,482.656529,0.023818698
111.945906,218,483.793528,0.109315015
107.382959,134,483.92994,0.04221826
121.212299,182,484.573867,0.115267396
122.919628,167,485.201272,0.1123987
129.878883,123,485.784017,0.13116921
131.55309,134,485.920697,0.08380339
155.858197,164,486.545364,0.03978554
181.832275,225,487.232683,0.04447427
128.517727,215,487.908928,0.12048783
127.433127,161,488.531152,0.117802806
111.710941,119,489.111722,0.0595413
152.555925,168,489.741314,0.041176036
208.00827,632,491.7516,0.08709249
-77.389478,487,493.352809,0.10386042
-164.414941,148,494.022154,0.07546173
-243.771085,970,497.347096,0.03799659
-178.767565,241,498.086471,0.0025463253
-185.867962,346,499.36616,0.036123794
-125.910004,164,499.515529,0.007284228
-189.698997,334,500.727789,0.019749444
-218.507699,285,501.912037,0.03482223
-224.226814,288,502.629873,0.015205572
-176.368096,184,503.251585,0.009483068
-131.113324,214,503.901174,0.047456525
-108.848779,143,504.488013,0.031696253
-138.144821,245,505.181826,0.040221453
-234.263577,663,507.179924,0.008889498
-227.819501,702,509.657336,0.030716954
-164.378173,186,510.288321,0.059328098
-173.910151,170,510.901929,0.041348334
-187.671694,147,511.036771,0.07945263
-136.376901,118,511.603373,0.079883
-180.657548,181,512.228359,0.04636638
-208.212572,573,514.12937,0.041291356
-205.245201,215,514.785392,0.026039401
-168.291529,121,514.895372,0.051333997
-152.171259,171,515.512425,0.04720894
-144.782013,112,516.074141,0.04528455
-167.070447,128,516.191868,0.05247683
-124.523571,179,516.815248,0.122930616
-163.535078,212,517.467115,0.0162805
-137.987168,117,518.033085,0.0036091988
-170.928223,444,519.353234,0.033046775
-128.927703,168,519.965785,0.028728588
-176.607006,467,521.313085,0.017080374
-101.990806,164,521.925879,0.01615304
-143.21598,125,522.499466,0.09396008
-208.574739,349,523.276575,0.031536195
-166.856919,165,523.885554,0.05473943
-189.596445,399,525.168841,0.040528417
-142.985698,198,525.809401,0.005658371
-221.616793,374,527.068951,0.03046625
-178.141699,202,527.712513,0.0057441145
-103.077268,159,528.316525,0.013297704
-136.865224,167,528.928733,0.025187695
-172.835505,155,529.53023,0.016962953
-123.557918,133,529.650681,0.0417644
-179.16007,360,530.898512,0.00959822
-135.239672,120,531.467789,0.030654285
-161.934505,235,532.140815,0.0072021936
-133.749043,176,532.759693,0.0069107204
-208.29083,424,534.062744,0.00050918426
-164.484241,457,535.399066,0.0699351
-207.834515,679,537.88173,0.06928966
-140.316745,138,538.008351,0.011028822
-179.35688,156,538.60936,0.13036697
-191.340346,202,539.253488,0.108535044
-132.774283,187,539.884451,0.07371078
-151.463293,356,541.14184,0.051284693
-143.819402,221,541.808152,0.03953815
-87.00273,1000,545.008025,0.006936826
-141.139275,191,545.639914,0.044515073
-204.669593,294,546.376783,0.01132671
-213.118231,250,547.062551,0.15670368
-140.537738,305,548.255472,0.042449694
-161.807004,245,548.938814,0.07242833
-182.935677,318,550.145628,0.019270586
-162.272811,148,550.748414,0.010541147
-145.980883,1000,553.951808,0.06444897
-131.38804,133,554.073677,0.07402913
-201.334628,327,555.291023,0.0024268343
-16.616132,1000,558.513847,0.009126032
-145.857746,200,559.156089,0.00087280094
-195.991618,304,559.892178,0.070824094
-24.455102,1000,563.096725,0.04468794
-43.227566,1000,566.294876,0.0032502026
-146.566604,274,567.460992,0.050808787
-200.26857,313,568.205824,0.07842645
-25.739228,1000,571.341954,0.046793774
-14.840983,1000,574.479267,0.07038342
-206.113004,345,575.71279,0.04084344
-129.020296,136,576.29855,0.10834817
-113.122093,131,576.418995,0.02761746
-5.584495,1000,579.628895,0.02689794
-168.1165,245,580.770501,0.116843484
-156.063171,148,580.904234,0.098642014
-172.910391,255,582.055631,0.13728927
-103.288095,132,582.176378,0.0864095
-159.321514,181,582.801244,0.24122149
-184.684655,174,583.423129,0.25095895
-149.40296,123,583.995109,0.072379366
-0.084351,1000,587.153899,0.011924942
-29.576562,1000,590.358068,0.010316309
-51.053485,1000,593.559324,0.025475102
-40.057433,1000,596.761307,0.057833735
-141.117125,155,596.901646,0.054271355
-172.601441,225,598.023304,0.050021686
-32.827697,1000,601.144067,0.0021582986
-167.957802,291,601.869205,0.037997678
-195.566106,467,603.210739,0.031855337
-139.008228,187,603.8399,0.08365397
-43.94077,1000,607.048082,0.024793692
-56.642774,1000,610.266821,0.0063235676
-177.612474,134,610.849365,0.28240988
-137.078487,212,611.501572,0.02581859
50.00807,1000,614.940913,0.055856142
113.008987,218,615.601328,0.043044817
242.903547,228,616.282814,0.25380856
218.472136,236,616.963946,0.13181724
104.17377,244,618.156491,0.040043093
135.089303,293,618.878592,0.035208028
198.98747,247,619.570081,0.05102494
112.019301,203,620.291193,0.039086454
217.364485,212,620.940093,0.20486861
113.916692,215,622.064276,0.004962831
120.096232,268,622.777313,0.013847156
121.604666,192,623.427014,0.03503555
166.886655,462,624.807861,0.070101395
122.305848,224,625.493035,0.0117895035
198.567081,136,626.09041,0.2949758
179.88336,336,627.348925,0.009847309
190.426608,155,627.507007,0.18396635
210.601782,228,628.656054,0.09645704
157.969367,171,628.829144,0.1278136
99.449442,204,629.493965,0.023041835
124.23364,339,630.750616,0.06803871
111.920749,247,631.459297,0.00649867
193.25971,198,632.120621,0.1746068
166.79653,148,632.729125,0.2660795
129.655811,270,633.460627,0.020554192
86.046509,170,634.089798,0.0873539
203.456274,184,634.731692,0.1504304
119.098105,256,635.447496,0.035181087
189.216686,190,636.097112,0.22146685
190.667592,471,637.947116,0.03792657
106.815516,201,638.610716,0.015501843
125.465352,214,639.285615,0.033121813
115.239435,210,639.958557,0.048910823
156.117468,341,641.221255,0.015215079
91.904958,189,641.855862,0.03731798
101.402968,180,642.02037,0.05827945
165.557569,245,643.154017,0.035400193
151.171401,241,643.828836,0.007504043
152.108886,301,644.566759,0.02005602
178.017391,197,645.201133,0.08934293
104.482515,232,646.322951,0.035526756
119.440399,236,646.994693,0.02136218
161.229522,131,647.113484,0.24140254
184.593179,296,648.294644,0.005782773
95.507182,219,648.951004,0.016729224
206.531581,147,649.539577,0.2602332
186.793963,169,649.692683,0.19311915
103.871237,206,650.791561,0.034504797
182.383471,157,650.93497,0.1684618
207.864087,191,651.565627,0.13787122
167.914702,142,652.151238,0.23628446
151.572126,378,653.41428,0.04366785
149.331676,298,654.139575,0.03528711
193.063615,180,654.75737,0.19001912
143.636792,258,655.903073,0.03894151
170.892821,132,656.023096,0.27969965
210.819819,142,656.606832,0.39386338
206.349901,198,657.255055,0.28025225
206.640777,145,657.845907,0.3126257
119.089437,224,658.511204,0.003177747
212.916556,223,659.174731,0.061666157
159.609789,275,659.886586,0.028687451
202.10881,149,660.48469,0.2453789
92.647461,180,661.110398,0.032618582
209.451722,204,661.757643,0.19124398
131.121355,241,662.438941,0.0144594135
190.705018,167,663.052418,0.23162976
156.330955,336,664.289902,0.031826045
169.081035,199,664.932332,0.11160401
132.322559,199,665.574543,0.025001384
200.094852,168,665.744633,0.31654304
155.108135,243,666.91005,0.030615652
124.905262,265,667.639982,0.02038657
188.565484,139,668.240109,0.28847042
111.95768,218,668.92311,0.027014224
179.683796,138,669.061286,0.2632782
179.819124,140,669.661076,0.2424052
178.136773,144,670.266848,0.29810554
212.94275,131,670.858998,0.35371548
107.630027,196,671.517754,0.03177557
142.658536,162,671.682588,0.015038177
212.099752,186,672.330378,0.23704438
213.256878,189,672.98097,0.26470676
106.969444,176,673.618413,0.037795696
126.369295,226,674.305394,0.009245685
104.17507,173,674.922203,0.05475522
181.97935,293,676.137511,0.01419433
134.514114,238,676.825822,0.0058960724
167.847614,324,677.594944,0.04240961
205.526615,206,678.265908,0.30608138
231.249683,193,678.950446,0.30565724
203.236611,197,679.613365,0.19450267
161.246535,167,680.244924,0.24401852
147.445713,196,680.906134,0.013478019
105.090996,184,681.555761,0.027080633
227.668744,188,682.206427,0.30005723
132.528808,227,682.899368,0.014278186
165.110175,245,683.611913,0.10029219
152.862167,202,684.28094,0.011677066
160.23934,150,684.897163,0.2750683
154.035043,304,686.211833,0.025452973
98.209504,184,686.839837,0.09586396
170.042229,268,687.553158,0.06890065
132.981009,292,688.309366,0.048412338
168.123573,129,688.900668,0.31204844
209.562532,195,689.558116,0.22856
147.29967,269,690.290623,0.014285782
159.068859,176,690.928298,0.01699138
104.274081,228,691.619307,0.033633873
181.335705,142,692.225386,0.2592065
217.285336,152,692.838772,0.31699073
108.162372,232,693.533342,0.063011594
197.030572,201,694.197303,0.1846039
23.834191,1000,697.501492,0.015944816
209.345376,560,699.445592,0.10684709
164.490324,196,700.102956,0.0031138458
222.674699,164,700.728233,0.33517882
41.111014,1000,704.031589,0.073271014
165.538321,513,705.470015,0.017716615
197.805458,124,706.056324,0.4124491
194.173258,128,706.185875,0.33018002
217.427331,285,707.393177,0.16001882
194.736944,268,708.121841,0.14514503
193.174364,409,709.453026,0.015570059
152.660561,316,710.68979,0.0138696795
203.421719,246,711.397991,0.20430607
237.284775,203,712.063699,0.28108937
-6.721386,1000,715.366446,0.029906783
127.946195,241,716.068901,0.034382638
171.508775,150,716.681132,0.2560388
15.56572,1000,719.981388,0.0049152137
104.667671,259,720.703974,0.0046996945
245.98153,214,721.382581,0.26483417
100.631969,226,722.531183,0.018793268
130.867924,261,723.255481,0.0052301106
193.188342,505,724.680608,0.072753705
180.226498,288,725.887817,0.047625743
200.332006,263,726.613412,0.13923368
225.074105,251,727.326673,0.17947716
103.059056,200,727.987502,0.06266088
241.146532,166,728.610251,0.32889634
226.364321,195,729.267132,0.24972354
125.278595,221,729.948467,0.02141898
191.094141,123,730.532686,0.3473182
122.102994,216,731.209685,0.031444605
220.709468,187,731.859618,0.24879384
99.453079,200,732.521434,0.06999726
194.328779,125,733.106158,0.35288474
229.681355,219,733.788451,0.2749022
157.04243,278,734.529904,0.005014829
189.335686,252,735.244404,0.09274511
100.354727,176,735.88222,0.09117428
199.205837,264,736.609451,0.09967185
95.501835,186,737.258543,0.034405753
-148.577181,205,738.12497,0.009967263
-162.252405,263,739.301049,0.10006763
-226.754895,804,741.947539,0.08795484
-134.487099,155,742.562963,0.04801139
-143.140922,164,742.720601,0.0542388
-176.06044,265,743.957375,0.038219884
-137.376096,173,744.585848,0.05629977
-165.66919,160,744.74875,0.057091348
-172.446082,251,745.921469,0.030567076
-149.798802,182,746.104724,0.0012771224
-170.75231,193,746.760725,0.025078308
-126.599231,167,747.389013,0.0671566
-136.118855,142,748.057921,0.012986714
-152.671583,136,748.716006,0.0067773582
-143.742187,124,748.842412,0.0018564591
-153.309446,147,749.450109,0.011627543
-167.235199,163,750.074504,0.013066268
-174.071134,329,750.865219,0.0010433934
-199.768088,352,752.143251,0.12977223
-197.408867,271,753.333806,0.079594165
-203.999326,493,754.750148,0.11652797
-129.47691,235,755.447455,0.024847282
-265.719226,859,758.572266,0.09315149
-210.111446,514,759.959749,0.022014562
-142.213845,145,760.556695,0.089216195
-110.995504,1000,763.865261,0.04779158
-205.906151,374,765.160642,0.022476017
-67.298529,1000,768.448644,0.0032169383
-163.143399,117,768.562053,0.07756402
-228.594521,442,770.371974,0.06875451
-145.81887,136,770.51128,0.0112732835
-173.708793,314,771.750923,0.11139747
-159.051684,225,772.437813,0.06606201
-156.472354,134,773.031278,0.011283213
-151.749282,126,773.159845,0.042222932
-137.797343,1000,776.450658,0.15598175
-162.323789,139,777.048025,0.07234895
-151.366347,128,777.630071,0.091591865
-218.159683,687,779.696994,0.012499689
-163.220698,234,780.392901,0.21337993
-154.561086,155,781.011114,0.022703482
-173.620105,168,781.640852,0.057577383
-218.602958,360,782.927524,0.060471285
-83.605657,1000,786.170527,0.024657052
-214.823372,353,786.950983,0.052080322
-183.717564,185,787.591025,0.10987523
-156.739543,152,788.189934,0.00046287614
-206.411922,268,788.89469,0.0063964375
-140.872646,155,789.510412,0.07871391
-174.219694,362,790.800745,0.038871337
-34.602137,1000,794.086966,0.050650313
-209.17648,884,796.806767,0.078163296
-179.756114,202,797.457901,0.13986495
-128.985992,198,798.110172,0.0031226904
-107.291627,242,799.249895,0.043532602
-163.612284,192,799.884141,0.022960125
-165.416922,190,800.05668,0.037382018
-97.754962,1000,803.257793,0.11272543
-201.464437,171,803.871642,0.15763634
-143.98922,1000,807.07262,0.008259291
-166.28479,171,807.687911,0.07448315
-193.775748,450,809.012185,0.017777687
-175.344444,260,810.166319,0.40646383
-152.99246,436,811.480457,0.02080947
-172.718058,209,812.130248,0.04272372
-166.824906,156,812.730292,0.15458322
-166.690151,344,813.501068,0.039093126
-178.89813,281,814.676869,0.38602883
-171.344287,167,815.288273,0.1108552
-125.465989,393,816.56327,0.039517332
-64.056884,1000,819.761219,0.06624374
-181.756964,253,820.455433,0.13560724
-170.850379,476,821.812712,0.1217834
-37.173168,1000,825.04551,0.023156436
-151.770591,168,825.657743,0.12290643
-171.551814,148,826.256526,0.20604034
-75.562235,1000,829.499354,0.08895896
-195.467152,373,830.753695,0.07042554
-127.74154,804,834.3129,0.0012946508
-112.785772,1000,838.614307,0.10116299
-240.348726,308,839.632792,0.095182456
-184.406106,448,842.022135,0.023187513
-193.624284,481,843.872484,0.17149626
-34.186768,1000,847.765606,0.0047069485
-205.546947,371,849.191759,0.1744789
-144.053991,360,850.65974,0.04696425
-167.602808,286,851.528145,0.18159755
-30.02729,1000,855.029098,0.006200938
-223.756025,440,856.433445,0.24441367
-178.40536,448,857.90344,0.007707687
-57.633376,1000,861.387103,0.009918795
-196.578695,406,862.755883,0.09915704
40.468175,852,866.142512,0.062433593
7.388719,1000,869.746491,0.092647165
281.984802,852,872.580388,0.00033730635
192.151136,650,874.61258,0.059004433
177.666881,396,875.918239,0.252426
232.545287,729,878.467576,0.038705442
169.019374,394,879.760137,0.16523856
236.192984,865,882.415139,0.052757688
63.061106,1000,885.669757,0.08577848
25.236236,1000,889.041389,0.055377528
54.499698,1000,892.271366,0.13728574
32.950576,1000,895.501878,0.1448495
213.17727,702,898.003345,0.0200616
96.819702,1000,901.236815,0.052812103
53.485515,1000,904.462096,0.06520578
232.926092,850,907.087405,0.012777581
80.762094,1000,910.312887,0.11054497
114.81344,1000,913.569159,0.041985773
248.254339,929,916.76861,0.055521503
213.775499,773,919.162191,0.023105524
230.664904,614,921.661352,0.024716351
55.085029,1000,925.011662,0.06101889
263.589547,519,926.473115,0.65695804
238.56503,481,928.474682,0.34483862
101.871642,1000,931.898842,0.047137074
40.779814,1000,935.247914,0.010535497
65.337024,1000,938.620665,0.061222173
215.991641,774,940.89605,0.026804091
219.092921,313,942.235809,0.113684736
250.568101,532,944.423278,0.635599
227.062192,787,947.290257,0.011896431
209.062285,711,949.600669,0.04992662
20.483856,1000,952.97781,0.08317168
245.819671,736,955.552061,0.060905047
202.51988,692,957.626086,0.034479637
209.780981,588,959.597047,0.0029721681
272.778105,540,961.512252,0.6742871
158.707262,800,964.147735,0.07789131
41.338121,1000,967.432125,0.11252926
76.670089,1000,970.727644,0.05083237
159.983124,510,972.154794,0.00086737087
69.353841,1000,975.448855,0.060535386
96.59511,1000,978.716295,0.12512308
246.082822,749,981.316508,0.008948434
272.111377,859,984.028813,0.058216266
55.38428,1000,987.357994,0.050609846
211.186793,695,989.911513,0.021146711
314.672214,1000,993.434679,0.16480468
-222.075286,543,995.420143,0.006938055
-256.212356,612,997.631552,0.03140864
-65.471855,1000,1001.254355,0.029011607
-234.164158,555,1003.172926,0.020389318
-245.424145,900,1005.900967,0.15003935
-260.256414,817,1008.515935,0.031495765
-30.396923,1000,1011.759499,0.03705234
-195.770977,776,1014.358983,0.09511722
-96.620153,1000,1017.61825,0.0026015702
-82.170602,1000,1020.820652,0.060037542
-57.173352,1000,1024.020238,0.030268472
-36.744884,1000,1027.207739,0.039929744
-34.985036,1000,1030.387307,0.051459644
-41.791903,1000,1033.566978,0.0759702
-3.942042,1000,1036.779955,0.05980235
-30.108944,1000,1039.986847,0.0358642
-33.908604,1000,1043.217027,0.058251735
-8.644994,1000,1046.4544,0.031188684
-73.072427,1000,1049.671293,0.07048511
-63.107053,1000,1052.867808,0.07444794
-51.644288,1000,1056.065598,0.050416388
-46.156255,1000,1059.299129,0.0492422
-65.287523,1000,1062.496156,0.03819096
-41.038437,1000,1065.697222,0.01459449
-61.612258,1000,1068.908019,0.038395427
-73.447659,1000,1072.106675,0.0010579601
-59.190204,1000,1075.306275,0.032503493
-55.560231,1000,1078.503725,0.047676776
-26.380647,1000,1081.707665,0.01932464
-67.514043,1000,1084.952372,0.020242814
-70.30574,1000,1088.213296,0.036391377
-67.789445,1000,1091.422565,0.02959798
-21.185983,1000,1094.628388,0.05983045
-14.346807,1000,1097.800153,0.041310553
-58.165865,1000,1101.007776,0.035132624
-29.499574,1000,1104.235641,0.047695626
12.503814,1000,1107.484368,3.3054441e-06
-3.590736,1000,1110.778848,5.9419646e-05
-64.513233,1000,1114.256828,0.053960953
43.776324,1000,1117.48944,0.081392795
-145.889185,982,1120.836171,0.0
52.267142,1000,1124.109797,0.1323631
16.239444,1000,1127.357266,0.0033352943
33.377554,1000,1130.597892,0.06859067
-30.007916,1000,1133.833546,0.059181273
44.815871,1000,1137.046228,0.03236614
18.535841,1000,1140.269794,0.01447993
44.808471,1000,1143.481814,0.09192141
60.798076,1000,1146.690492,0.049657844
-69.511383,1000,1149.910677,0.0011563902
-31.643228,1000,1153.136256,0.0049787713
58.477307,1000,1156.3459,0.06250658
-9.67483,1000,1159.561595,0.08957248
22.435252,1000,1162.771344,0.08874472
38.444484,1000,1165.985246,0.0081649665
50.30217,1000,1169.200647,0.077382
23.664956,1000,1172.418534,0.009193908
-137.557109,986,1175.624851,0.0
115.65807,1000,1178.949802,0.026668845
-24.789009,1000,1182.497463,0.061543465
-40.817432,1000,1185.792691,0.03283734
-5.493331,1000,1189.11035,0.002623003
-80.839721,1000,1192.426771,0.04472024
-54.941503,1000,1195.745059,0.07233109
-62.766059,1000,1199.063568,0.023441482
89.727808,1000,1202.400505,0.014287932
-8.028183,1000,1205.723376,0.025594944
41.866025,1000,1208.996924,0.07588567
66.214222,1000,1212.275411,0.07083281
-23.751082,1000,1215.576841,0.088566706
-30.068701,1000,1218.819197,0.051297348
-69.742712,1000,1222.114885,0.0044903336
14.654045,1000,1225.42853,0.10323481
-17.98216,1000,1228.74088,0.03752931
-0.3974,1000,1232.10558,0.1284058
32.224059,1000,1235.425451,0.07170644
-30.748982,1000,1239.073875,0.107093625
-14.674943,1000,1242.637058,0.04763393
3.771728,1000,1246.031818,0.050467286
-24.467701,1000,1249.407149,0.035045005
10.055685,1000,1252.682589,0.019795725
-10.649384,1000,1255.925534,0.018854247
-60.437515,1000,1259.049029,0.0644487
65.744074,1000,1262.164595,3.6543706e-06
-26.561311,1000,1265.371007,0.0008138183
48.539362,1000,1268.563615,0.020421792
-41.414374,1000,1271.764157,0.013943443
132.729788,880,1274.439559,0.0
59.067649,1000,1277.628726,0.0007760345
-18.216431,1000,1280.799886,0.017978597
34.013823,1000,1283.959296,0.012662525
13.567413,1000,1287.178614,0.016783645
-85.942172,1000,1290.422672,0.05461557
-51.759991,1000,1293.59751,0.042754877
-18.802509,1000,1296.807015,0.006869427
-61.006194,1000,1300.066729,0.020943709
-24.82984,1000,1303.321587,0.004942311
11.59349,1000,1306.490496,0.09452903
-40.353639,1000,1309.673443,0.032956053
-78.159422,1000,1312.844639,0.008432832
6.269642,1000,1316.003429,0.0059255236
-44.341986,1000,1319.184566,0.028621892
118.418869,906,1322.345851,0.0
-13.687538,1000,1325.613493,0.04748853
144.203147,995,1328.818935,0.0
33.268998,1000,1332.060688,0.007890026
-10.78992,1000,1335.276746,0.058802027
-54.662994,1000,1338.543268,0.0524852
7.462498,1000,1341.76699,0.027825393
-8.478137,1000,1344.950755,0.016886052
-42.125843,1000,1348.208702,0.043536145
-61.901937,1000,1351.487561,0.058183704
-15.014434,1000,1354.765133,0.0009976058
-42.669079,1000,1358.019364,0.021021457
73.116926,1000,1361.475566,0.024686506
-20.375932,1000,1364.894665,2.4536382e-06
-14.419942,1000,1368.095644,0.015072192
5.242641,1000,1371.307487,0.009487633
-32.803537,1000,1374.517743,0.007482213
-80.279104,1000,1377.766233,5.4446627e-05
-66.8722,1000,1381.085935,0.012419433
-23.725376,1000,1384.400456,0.013306371
-201.616901,990,1387.659034,0.0
-28.495067,1000,1390.971448,0.0013031051
-25.787766,1000,1394.278783,0.0022785873
-38.013619,1000,1397.597414,0.00041124414
-41.112256,1000,1400.912708,0.0017806324
-5.649133,1000,1404.226021,0.024573881
-21.160645,1000,1407.540843,0.015029359
-85.994191,1000,1410.857184,1.7621468e-06
-57.113456,1000,1414.174064,0.0006925067
-10.763949,1000,1417.428258,2.0354993e-09
-12.271441,1000,1420.648393,5.766322e-05
-78.263784,1000,1423.87149,1.4429445e-06
-5.957507,1000,1427.083491,1.1732066e-05
-45.243599,1000,1430.29671,0.0067982357
-60.97205,1000,1433.51124,0.023635382
-66.145104,1000,1436.728232,4.009838e-05
-29.314371,1000,1439.946165,0.035308722
-37.660456,1000,1443.169672,0.016908031
-16.213162,1000,1446.400408,0.0032269643
-56.823015,1000,1449.624383,0.012506085
-75.801554,1000,1452.821977,0.00955015
-40.70456,1000,1456.022024,0.0055874144
11.011537,1000,1459.234619,0.000530464
-34.295999,1000,1462.444877,0.003909652
-75.046075,1000,1465.656785,0.0034077277
-48.828241,1000,1468.870526,0.0036384126
-6.661982,1000,1472.086818,0.011530089
-10.763306,1000,1475.403975,0.024073265
-40.93831,1000,1478.706731,0.008812488
68.002996,1000,1482.107578,0.0150933545
-7.43544,1000,1485.332662,0.013133185
38.697626,1000,1488.736501,0.0059485296
-3.374862,1000,1491.973458,0.0005105127
-36.776258,1000,1495.160655,0.012296604
-0.93027,1000,1498.354576,0.001252755
-9.488052,1000,1501.54046,2.8952266e-07
-19.215468,1000,1504.744902,0.027528586
37.009822,942,1507.433259,0.0
2.7863,1000,1510.610108,1.737828e-08
172.958157,955,1513.744783,0.0
13.440201,1000,1516.95336,0.0035217695
33.112015,1000,1520.174722,1.5234642e-06
187.580577,824,1522.763707,0.0
133.252992,903,1525.930866,0.0
0.452889,1000,1529.127841,0.0032334572
0.296359,1000,1532.336437,0.01456151
-22.122179,1000,1535.543861,0.010209045
-6.936161,1000,1538.779009,0.029509233
-36.477585,1000,1542.028822,0.022313125
-14.335149,1000,1545.245961,0.0063320417
-40.169284,1000,1548.455287,0.010646853
-62.576141,1000,1551.687393,0.025742192
-43.25871,1000,1554.912644,0.01808837
-22.29643,1000,1558.125804,0.0010630919
-8.371384,1000,1561.310231,0.03691208
-8.1122,1000,1564.508219,0.010535524
141.80016,886,1567.157989,0.0
109.629675,938,1570.287712,0.0
-47.132589,1000,1573.498698,0.024025895
-19.484621,1000,1576.698555,0.005514564
-37.87259,1000,1579.905335,0.0009735262
-56.736891,1000,1583.118038,0.017337447
146.871722,937,1586.273175,0.0
-37.983291,1000,1589.613238,0.010755981
-7.439718,1000,1593.002568,0.004752099
10.816426,1000,1596.193768,0.025849314
1.96333,1000,1599.364057,0.011922056
-5.233445,1000,1602.542881,0.0035726167
-22.075355,1000,1606.008631,0.0007038953
-0.346925,1000,1609.456662,0.008321014
0.544743,1000,1612.838808,0.005743233
-57.705042,1000,1616.059595,0.0020996863
-160.724754,994,1619.274855,0.0
-47.57108,1000,1622.504645,0.003016441
-22.79517,1000,1625.714569,0.00515167
-35.07081,1000,1628.926601,0.0011806196
-58.66175,1000,1632.138729,9.022204e-05
3.327161,1000,1635.347419,0.008324417
6.935331,1000,1638.585239,0.031310804
-33.261722,1000,1641.801747,2.1324086e-06
-183.087764,810,1644.387361,0.0
-4.087759,1000,1647.655155,0.0039016202
-190.478021,864,1650.284381,0.0
-39.930589,1000,1653.494324,7.533466e-08
-7.685929,1000,1656.709051,4.844765e-07
-16.310529,1000,1659.923595,0.014715075
-0.457089,1000,1663.158444,0.03810571
-46.823547,1000,1666.373842,0.00066729274
18.779217,1000,1669.587569,0.040328626
-123.669242,985,1672.784548,0.0
37.943787,1000,1676.000257,0.009413302
-34.195973,1000,1679.213583,0.008596404
-79.304534,1000,1682.448483,0.0022929339
-59.810076,1000,1685.678207,0.00023774807
-207.937787,998,1688.891938,0.0
17.052813,1000,1692.104331,0.045111977
-94.089158,1000,1695.316328,1.7970494e-06
47.273974,1000,1698.531566,0.03632172
-162.676863,828,1701.141256,0.0
-27.47099,1000,1704.355046,0.006261597
-221.047335,880,1707.001007,0.0
23.725226,1000,1710.23468,0.039320465
-61.280133,1000,1713.448982,0.0046783895
-43.35965,1000,1716.676583,0.01066846
12.888141,1000,1719.892046,0.04143231
-171.656521,923,1723.044976,0.0
170.057425,981,1726.47041,0.0
28.753959,1000,1729.831839,0.029442668
8.417766,1000,1733.057278,0.0023808335
150.531119,957,1736.224217,0.0
-26.597286,1000,1739.366434,0.027488036
10.655788,1000,1742.585597,2.9228365e-06
-12.564571,1000,1745.770331,0.027403388
136.692515,965,1748.864597,0.0
135.034002,974,1751.522483,0.0
-21.713697,1000,1754.579736,0.0028978358
-38.873298,1000,1757.670854,0.00666169
-24.72597,1000,1760.933756,0.055327512
-43.033346,1000,1764.460797,0.0053080167
110.797566,921,1767.801174,0.0
-26.647888,1000,1771.004103,0.018959492
-27.187918,1000,1774.284635,0.004707558
-13.669258,1000,1777.453443,0.015746815
33.052136,1000,1780.657607,0.008961118
-12.510332,1000,1783.796383,0.0133756455
82.53803,1000,1786.971048,9.1857364e-05
151.814805,1000,1790.102721,0.0
165.668429,909,1793.207369,0.0
-17.944287,1000,1796.34041,9.754189e-07
131.347176,864,1798.954764,0.0
80.422294,1000,1802.164821,1.5370969e-06
-63.965116,1000,1805.382907,0.11270034
185.27684,862,1808.000178,0.0
49.766845,1000,1811.202733,1.2059037e-06
142.303152,832,1813.79389,0.0
162.822456,967,1816.97792,0.0
166.570813,839,1819.587837,0.0
18.547828,1000,1822.829242,0.04439149
165.974926,937,1826.016697,0.0
200.987995,827,1828.66809,0.0
189.250402,881,1831.829851,0.0
-18.899583,1000,1835.09217,0.016369667
-5.234576,1000,1838.37484,0.015856449
167.859152,957,1841.097052,0.0
115.621987,917,1844.238162,0.0
129.056892,1000,1847.701284,0.012926244
-23.282632,1000,1851.109408,3.243304e-05
-40.783281,1000,1854.481915,0.01167599
-141.142642,998,1857.80228,0.0
-120.627159,1000,1861.13038,1.5980573e-06
-190.993543,925,1864.385565,0.0
-173.474675,912,1867.100565,0.0
-46.711504,1000,1870.315992,0.0061336095
-101.714099,1000,1873.625853,7.1305504e-07
-47.081993,1000,1877.081916,0.030247323
-203.107207,984,1880.408301,0.0
-96.399897,1000,1883.746035,9.859876e-08
-14.578779,1000,1887.08291,0.027982602
-183.096783,911,1890.323544,0.0
-182.794848,848,1892.974868,0.0
-166.058099,981,1896.261608,0.0
-183.233757,952,1899.482269,0.0
-172.777709,932,1902.246701,0.0
-31.636973,1000,1905.487892,0.003549429
-1.883936,1000,1908.7302,0.005081812
-153.633802,998,1912.014411,0.0
-198.79703,932,1915.267512,0.0
-145.525339,943,1918.478402,0.0
-10.827906,1000,1921.71366,0.027651828
-221.597304,847,1924.365352,0.0
-11.07754,1000,1927.610434,0.009037345
-81.815981,1000,1930.858407,4.0291642e-08
-189.655108,962,1934.07058,0.0
-187.109805,939,1936.807633,0.0
-114.443721,1000,1940.037942,9.4755546e-07
-1.11594,1000,1943.295795,0.032509666
15.402367,1000,1946.642095,0.08165406
-155.664477,929,1949.916397,0.0
-43.803241,1000,1953.262161,0.021594979
-22.791702,1000,1956.607165,0.050045896
-71.863286,1000,1959.957093,3.0174126e-05
22.694386,1000,1963.299807,0.019174134
-27.652219,1000,1966.553722,0.046147924
23.307693,1000,1969.807666,0.010349124
-85.545882,1000,1973.274079,0.02656744
178.50596,826,1976.244329,0.0
75.192378,1000,1979.576503,5.2596266e-10
3.082416,1000,1982.977551,0.021732751
43.982991,1000,1986.302932,2.1555964e-08
-0.403638,1000,1989.582777,0.059031777
6.30779,1000,1992.821788,0.037332755
-4.652137,1000,1996.090361,0.019056093
-4.939428,1000,1999.409077,0.09134055
13.957237,1000,2002.722667,0.059446253
-23.946389,1000,2006.028572,0.0034785236
-23.968377,1000,2009.331919,0.026947076
162.917754,907,2012.471214,0.0
22.056077,1000,2015.692926,0.018831486
140.603059,871,2018.385655,0.0
-19.192738,1000,2021.62434,0.0116679855
22.1603,1000,2024.83402,2.3158183e-08
-4.730472,1000,2028.122916,0.010836158
-6.224562,1000,2031.356098,0.014837334
31.899229,1000,2034.583363,0.02352806
-47.485314,1000,2037.799685,0.017440548
8.547684,1000,2041.036657,0.02809052
186.841085,797,2043.616678,0.0
218.390292,766,2046.194482,0.0
125.977203,951,2049.434976,0.0
201.641078,778,2051.529292,0.0
210.370309,796,2054.119018,0.0
192.415852,808,2056.717479,0.0
-0.831997,1000,2059.946504,0.058167137
4.660722,1000,2063.131652,9.547044e-07
180.173869,835,2066.194733,0.0
152.110952,841,2068.815809,0.0
156.81966,958,2072.050258,0.0
-5.933003,1000,2075.251893,0.05557146
110.357,900,2077.884234,0.0
112.856909,878,2080.491663,0.0
131.50226,887,2083.610021,0.0
13.729297,1000,2086.875145,1.7804912e-06
196.943166,800,2089.524555,0.0
3.178044,1000,2092.832582,0.0528169
-118.118219,896,2096.028524,0.0
-153.416582,830,2099.220356,0.0
-66.890507,1000,2102.554152,1.7327885e-06
-202.799163,856,2105.273335,0.0
-191.663564,867,2108.007146,0.0
-49.910399,1000,2111.340229,0.025100466
-161.896149,859,2114.061973,0.0
-195.578326,879,2117.273671,0.0
-65.764219,1000,2120.604848,1.1573738e-06
13.355212,1000,2123.939034,0.022853933
-192.289689,948,2127.218124,0.0
13.522731,1000,2130.546111,0.0013383211
-67.168276,1000,2133.878393,0.01272447
-0.358803,1000,2137.209501,0.023554092
-191.029999,923,2140.004402,0.0
-168.414159,944,2143.279099,0.0
-49.663899,1000,2146.612524,0.01658193
12.783832,1000,2149.947041,0.0006456873
-26.950332,1000,2153.276833,8.548248e-07
-55.483989,1000,2156.609359,1.4069321e-06
-174.89824,888,2159.365213,0.0
-37.429677,1000,2162.69175,2.1527085e-06
-206.633187,846,2165.878358,0.0
-69.216825,1000,2169.210709,3.6336708e-06
-19.97371,1000,2172.615642,0.022196235
-66.222518,1000,2176.013995,0.03199733
-139.092951,992,2179.361855,0.0
3.865803,1000,2182.722396,0.0015332146
18.11901,1000,2186.08086,0.05885493
-98.55745,1000,2189.387935,6.2770044e-07
-140.283767,807,2192.015808,0.0
-170.921268,889,2194.778098,0.0
-190.727934,870,2197.518791,0.0
-87.579309,1000,2200.784144,2.7662043e-06
-81.762075,1000,2204.039653,2.6151247e-07
-16.681563,1000,2207.291417,2.147636e-06
-74.357945,1000,2210.573615,1.8043701e-07
-76.801277,1000,2213.846325,6.0462094e-07
-200.445008,829,2216.961741,0.0
15.417641,1000,2220.431678,2.3015768e-06
25.905317,1000,2223.742242,0.00049382297
165.498595,974,2226.591292,0.0
29.912619,1000,2229.948483,0.0075461357
172.472794,851,2233.046366,0.0
-12.209938,1000,2236.274151,0.05457523
130.420473,813,2238.873039,0.0
146.031159,990,2242.085883,0.0
198.183577,875,2244.738974,0.0
9.101786,1000,2247.973331,5.145287e-06
132.95961,983,2251.199004,0.0
169.276744,948,2254.385602,0.0
136.832538,912,2257.07498,0.0
44.093823,1000,2260.304896,9.7306e-07
72.879424,1000,2263.53772,1.6152917e-06
174.605161,886,2266.674499,0.0
69.685013,1000,2269.990039,3.0307106e-06
126.883849,988,2273.252605,0.0
73.294893,1000,2276.431057,0.0013134654
168.553275,661,2278.383097,0.0
140.305129,946,2281.46569,0.0
199.912533,993,2284.595098,0.0
165.738931,974,2287.263462,0.0
162.658924,707,2289.68486,0.0
234.638035,659,2291.620488,0.0
195.734167,699,2294.012574,0.0
187.374105,787,2296.468209,0.0
111.516078,1000,2299.592189,0.00029086656
183.730621,718,2301.587121,0.0
159.430412,848,2304.584231,0.0
153.431305,839,2307.1365,0.0
64.059519,1000,2310.321207,4.9739432e-05
174.53397,746,2312.772127,0.0
224.120245,696,2314.733546,0.0
149.784153,857,2317.282663,0.0
-1.788397,1000,2320.401504,0.051711004
-20.093581,1000,2323.522484,0.031715762
170.452007,824,2326.038963,0.0
-3.864531,1000,2329.1699,0.04813087
104.109725,999,2332.290736,0.0
156.46524,819,2334.808013,0.0
185.545076,823,2337.778037,0.0
-3.122338,968,2340.625726,0.0
-204.777418,774,2343.251425,0.0
-33.765823,1000,2346.543964,0.0018317747
-167.594036,970,2349.766932,0.0
-169.34972,737,2352.306521,0.0
-243.968417,586,2354.244503,0.0
-187.004351,755,2356.806671,0.0
-27.642508,1000,2360.056267,0.006334797
-203.147785,648,2362.052149,0.0
-207.818635,828,2364.67905,0.0
-28.086869,1000,2367.927265,0.041112553
-143.428325,771,2370.50036,0.0
-10.604267,1000,2373.749547,0.017395593
-198.160882,679,2375.772346,0.0
-203.707328,665,2378.249032,0.0
-214.897497,849,2380.894836,0.0
-206.704011,757,2383.456385,0.0
-143.685677,743,2385.54426,0.0
-161.034076,851,2388.658067,0.0
-193.432925,764,2390.759266,0.0
-224.832179,818,2393.37787,0.0
-202.256384,686,2395.872531,0.0
-210.088847,868,2398.541103,0.0
2.128024,1000,2401.881647,0.0013532062
-191.113128,710,2404.460559,0.0
-183.750152,932,2407.267115,0.0
-186.180439,857,2410.471183,0.0
-176.565445,908,2413.261122,0.0
-101.102161,794,2415.930375,0.0
-176.785108,876,2419.153086,0.0
-144.003999,927,2421.884659,0.0
-231.961573,816,2424.47793,0.0
-159.155717,865,2427.579681,0.0
-127.056364,973,2430.332279,0.0
-235.659762,721,2432.866464,0.0
-170.21627,726,2435.456911,0.0
-43.874283,1000,2438.729557,0.008028984
-81.399286,1000,2442.010951,1.973285e-09
-24.523139,1000,2445.286655,0.11597143
-101.952204,946,2448.039543,0.0
-57.303648,1000,2451.41587,0.03397837
-228.422001,838,2454.616272,0.0
-61.657578,1000,2457.968419,1.362654e-09
-156.299214,897,2460.667779,0.0
